RecId;Валюта;Дата;Накладная;Внутренняя накладная;Номенклатура;Описание;Количество;Единица измерения;Сумма;Сумма НДС;Поставщик;Наименование поставщика
5637269310;RUB;23.12.2020;048004u00001394;ВН-030376;000000117;Прочие услуги АУП (ИТР) 20%;0;шт;1982,81; 396,56;ПС-0100877;"АО ""Почта России"""
5637269311;RUB;23.12.2020;048004u00001394;ВН-030376;000000117;Прочие услуги АУП (ИТР) 20%;0;шт;5118,66; 511,87;ПС-0100877;"АО ""Почта России"""
5637269312;RUB;30.11.2020;3345_566;ВКН-001666;000003425;Уголок 75х75х8 сталь;-2,23;т;-91039,75;- 18 207,95;ПС-0101055;"ООО ""ПРОМТРЕЙД"""
5637269313;RUB;30.11.2020;3345_566;ВКН-001666;000003426;Уголок 110х110х8 сталь;-3,329;т;-155891,54;- 31 178,31;ПС-0101055;"ООО ""ПРОМТРЕЙД"""
5637269314;RUB;30.11.2020;3345_566;ВКН-001666;000003412;Арматура 22;-3,035;т;-113787,22;- 22 757,44;ПС-0101055;"ООО ""ПРОМТРЕЙД"""
5637269315;RUB;24.12.2020;61;ВН-030377;104097022;Поддон 1200х1000;600;шт;186000; 0,00;ПС-0100936;"ООО ""Азимут"""
5637269316;RUB;16.12.2020;1815;ВН-030378;000002080;Гидроцилиндр ГЦГ-40.28х100.11;2;шт;41000; 8 200,00;ПС-0035709;"ООО ПК ""ТЕХНОГАРАНТ"""
5637269317;RUB;24.12.2020;20/6808;ВН-030379;000001997;Канат стальной 16 мм;80;м;16666,67; 3 333,33;ПС-0030767;ИП Вечканов Олег Викторович
5637269318;RUB;23.12.2020;1570;ВН-030380;109093400;Жидкость незамерз. стеклоомывающ.;40;шт;2666,67; 533,33;ПС-0101016;"ООО ""Компания Простор"""
5637269319;RUB;15.12.2020;2910;ВН-030381;105096175;Съемник гидравлический;1;шт;49863,17; 9 972,64;ПС-0035657;"АО ""Подшипник-Сервис"""
5637269320;RUB;15.12.2020;2910;ВН-030381;109094571;Съемник универсальный;1;шт;41535,58; 8 307,12;ПС-0035657;"АО ""Подшипник-Сервис"""
5637269321;RUB;15.12.2020;2910;ВН-030381;105010067;Регулировочная планка;1;шт;53842,42; 10 768,49;ПС-0035657;"АО ""Подшипник-Сервис"""
5637269322;RUB;15.12.2020;2910;ВН-030381;109098297;Стетоскоп для обнаруж.дефектов в механике;1;шт;36305,37; 7 261,07;ПС-0035657;"АО ""Подшипник-Сервис"""
5637269323;RUB;15.12.2020;2910;ВН-030381;109097332;Термометр бесконтактный(пирометр);3;шт;17768,57; 3 553,71;ПС-0035657;"АО ""Подшипник-Сервис"""
5637269324;RUB;15.12.2020;2910;ВН-030381;109095909;Прибор измерения;1;шт;10460,91; 2 092,18;ПС-0035657;"АО ""Подшипник-Сервис"""
5637269325;RUB;15.12.2020;2910;ВН-030381;109099928;Набор рожковых ключей;1;шт;9794,1; 1 958,82;ПС-0035657;"АО ""Подшипник-Сервис"""
5637269326;RUB;24.12.2020;116294/5837;ВН-030382;109194226;Ботинки с защ. подн 43;7;пар;17153,5; 3 430,70;ПС-0100068;" ТП АО ""ТД ТРАКТ"""
5637269327;RUB;21.12.2020;34943;ВН-030383;000001137;Подшипник NU 316 ECM/C3;1;шт;7923,15; 1 584,63;ПС-0100995;"АО ""Интехсервис"""
5637269328;RUB;24.12.2020;29/2020/5/422;ВН-030384;000000117;Прочие услуги АУП (ИТР) 20%;0;шт;24500; 0,00;ПС-0100499;"ООО ""ПЦЗК ""Атлас"""
5637269329;RUB;23.12.2020;24499/01.;ВН-030385;109094119;Набор д/воды;35;шт;6125; 1 225,00;ПС-0100909;"ООО ""Зодиак-Сервис"""
5637269330;RUB;24.12.2020;118100/01;ВН-030386;101095311;Вода столовая бутыль 19л.;80;шт;10666,67; 2 133,33;ПС-0100909;"ООО ""Зодиак-Сервис"""
5637269331;RUB;24.12.2020;118100/01;ВН-030386;413495812;Газ-вода 0,5л;60;шт;700; 140,00;ПС-0100909;"ООО ""Зодиак-Сервис"""
5637269332;RUB;24.12.2020;118100/01;ВН-030386;413495812;Газ-вода 0,5л;60;шт;700; 140,00;ПС-0100909;"ООО ""Зодиак-Сервис"""
5637269333;RUB;24.12.2020;289;ВН-030387;000000186;Оформление ГТД;0;шт;9617,4; 0,00;ПС-0034929;"ООО ""Центр внешнеэкономических технологий"""
5637269334;RUB;24.12.2020;291;ВН-030388;000000186;Оформление ГТД;0;шт;7151,4; 0,00;ПС-0034929;"ООО ""Центр внешнеэкономических технологий"""
5637269335;RUB;24.12.2020;119800/5837;ВН-030389;109001808;Средство индивид.защиты органов дыхания;300;шт;12940; 2 588,00;ПС-0100068;" ТП АО ""ТД ТРАКТ"""
5637269336;RUB;24.12.2020;116296/5837;ВН-030390;109110006;Ботинки с защ. подноском утепленные;9;пар;23710,5; 4 742,10;ПС-0100068;" ТП АО ""ТД ТРАКТ"""
5637269337;RUB;24.12.2020;116296/5837;ВН-030390;109110006;Ботинки с защ. подноском утепленные;8;пар;21076; 4 215,20;ПС-0100068;" ТП АО ""ТД ТРАКТ"""
5637269338;RUB;24.12.2020;116296/5837;ВН-030390;109110006;Ботинки с защ. подноском утепленные;4;пар;10538; 2 107,60;ПС-0100068;" ТП АО ""ТД ТРАКТ"""
5637269339;RUB;21.12.2020;УТ-1269;ВН-030391;101093062;Натр едкий марка РД (раствор);23,86;т;393690; 78 738,00;ПС-0100150;"ООО ""ДИАЛ"""
5637269349;RUB;23.12.2020;МТ-16146;ВН-030392;000000136;ДГП-007065 ПС-0000142 поверка гигрометров;0;шт;1054,23; 210,85;ПС-0000142;"УФК по Пензенской области ФБУ ""Пензенский ЦСМ"" л/с 20556Х71840"
5637269350;RUB;02.12.2020;684;ВН-030393;000000085;Прочие услуги (ОП);0;шт;2454; 0,00;ПС-0100306;"Министерство Финансов Пензенской области (ГБУЗ ""Каменская МРБ"" л/с 855132183)"
5637269351;RUB;08.12.2020;0812;ВН-030394;000000031;???Ремонт радиостанции;0;шт;1200; 0,00;ПС-0100520;ИП Шебуняев Александр Алексеевич
5637269352;RUB;22.12.2020;276;ВН-030395;000000201;Накладные расходы (доставка, хранение и пр.);0;шт;2800; 0,00;ПС-0035527;ИП Тришин Сергей Анатольевич
5637269353;RUB;22.12.2020;276;ВН-030395;000000201;Накладные расходы (доставка, хранение и пр.);0;шт;1400; 0,00;ПС-0035527;ИП Тришин Сергей Анатольевич
5637269354;RUB;22.12.2020;276;ВН-030395;000000201;Накладные расходы (доставка, хранение и пр.);0;шт;1400; 0,00;ПС-0035527;ИП Тришин Сергей Анатольевич
5637269355;RUB;18.12.2020;1812;ВН-030396;000000201;Накладные расходы (доставка, хранение и пр.);0;шт;1150; 0,00;ПС-0100091;ИП Кузнецов Михаил Викторович
5637269356;RUB;18.12.2020;1812;ВН-030396;000000201;Накладные расходы (доставка, хранение и пр.);0;шт;1150; 0,00;ПС-0100091;ИП Кузнецов Михаил Викторович
5637269357;RUB;18.12.2020;1812;ВН-030396;000000201;Накладные расходы (доставка, хранение и пр.);0;шт;1150; 0,00;ПС-0100091;ИП Кузнецов Михаил Викторович
5637269358;RUB;22.12.2020;2212;ВН-030397;000000201;Накладные расходы (доставка, хранение и пр.);0;шт;1500; 0,00;ПС-0100091;ИП Кузнецов Михаил Викторович
5637269359;RUB;22.12.2020;2212;ВН-030397;000000201;Накладные расходы (доставка, хранение и пр.);0;шт;1500; 0,00;ПС-0100091;ИП Кузнецов Михаил Викторович
5637269360;RUB;22.12.2020;2212;ВН-030397;000000201;Накладные расходы (доставка, хранение и пр.);0;шт;1500; 0,00;ПС-0100091;ИП Кузнецов Михаил Викторович
5637269361;RUB;22.12.2020;2212;ВН-030397;000000201;Накладные расходы (доставка, хранение и пр.);0;шт;1440; 0,00;ПС-0100091;ИП Кузнецов Михаил Викторович
5637269362;RUB;24.12.2020;2412;ВН-030398;000000201;Накладные расходы (доставка, хранение и пр.);0;шт;1150; 0,00;ПС-0100091;ИП Кузнецов Михаил Викторович
5637269363;RUB;24.12.2020;2412;ВН-030398;000000201;Накладные расходы (доставка, хранение и пр.);0;шт;1150; 0,00;ПС-0100091;ИП Кузнецов Михаил Викторович
5637269364;RUB;24.12.2020;2412;ВН-030398;000000201;Накладные расходы (доставка, хранение и пр.);0;шт;1150; 0,00;ПС-0100091;ИП Кузнецов Михаил Викторович
5637269365;RUB;24.12.2020;СВ20/173;ВН-030399;105093501;Патрон к креслу;1;шт;583,34; 116,66;ПС-0100513;ИП Сергеев Виктор Вячеславович
5637269366;RUB;24.12.2020;СВ20/173;ВН-030399;105093501;Патрон к креслу - пятилучье;1;шт;83,33; 16,67;ПС-0100513;ИП Сергеев Виктор Вячеславович
5637269367;RUB;24.12.2020;63;ВН-030400;103198068;Смазка-спрей (силиконовая);22;шт;3630; 0,00;ПС-0032908;ИП Костин Алексей Владимирович
5637269368;RUB;24.12.2020;730;ВН-030401;000002544;Жидкость WD-40 200мл;36;шт;8100; 1 620,00;ПС-0000363;"ООО ""Выбор"""
5637269369;RUB;24.12.2020;3074;ВН-030402;000001119;Шланг типа  ПВХ спирально витой(1610L) ВС-63;3;м;625; 125,00;ПС-0100853;ИП Царев Алексей Юрьевич
5637269370;RUB;24.12.2020;УТ-1291;ВН-030403;101093062;Натр едкий марка РД (раствор);19,5;т;360750; 72 150,00;ПС-0100150;"ООО ""ДИАЛ"""
5637269371;RUB;23.12.2020;2312;ВН-030404;000000844;Продукты бакалейные;3;шт;1052; 0,00;ПС-0030821;Закупка ч/з розничн. торговлю
5637269372;RUB;23.12.2020;2312;ВН-030404;109093446;Освежитель воздуха;3;шт;352; 0,00;ПС-0030821;Закупка ч/з розничн. торговлю
5637269373;RUB;24.12.2020;175;ВН-030405;109095487;Ключ гаечный/накидной;3;шт;368,58; 73,72;ПС-0100228;"ООО ""Велес"""
5637269374;RUB;23.12.2020;02393966;ВН-030406;000000844;Продукты бакалейные;31;шт;3822,5; 0,00;ПС-0030821;Закупка ч/з розничн. торговлю
5637269375;RUB;15.12.2020;189;ВН-030407;109093358;Бланки;1000;шт;1000; 0,00;ПС-0000635;"Министерство финансов Пензенской области (ГАУ ПО Редакция газеты ""Каменская новь"", л/сч 835136553)"
5637269376;RUB;31.12.2020;506;ВН-030408;000000127;Прочие услуги (ЖКХ) ком.услуги г.Каменка, ул.Чернышевского,31а;0;шт;415,71; 0,00;ПС-0033922;"ООО "" Жилсервис+"""
5637269377;RUB;24.12.2020;4274;ВН-030409;000001808;"Мешок для мусора
60литров с ручками";30;шт;1387,5; 277,50;ПС-0100338;"ООО ""УПАК"""
5637269378;RUB;24.12.2020;4271;ВН-030410;109090180;"Пакеты/мешки  для мусора (""Premium"" 60 л 10 шт с завязками)";20;упак;925; 185,00;ПС-0100338;"ООО ""УПАК"""
5637269379;RUB;31.12.2020;838;ВН-030411;000000127;Прочие услуги (ЖКХ)ком.услуги  каменка ул.Энергетиков,4-22;0;шт;940,55; 0,00;ПС-0033275;"ООО ""Жилкомсервис"""
5637269380;RUB;24.12.2020;4272;ВН-030412;000001808;Мешок для мусора;7;шт;312,08; 62,42;ПС-0100338;"ООО ""УПАК"""
5637269381;RUB;31.12.2020;843;ВН-030413;000000127;Прочие услуги (ЖКХ) ком.услуги г.Каменка, ул.Свердлова,4-6;0;шт;6; 0,00;ПС-0033275;"ООО ""Жилкомсервис"""
5637269382;RUB;24.12.2020;4273;ВН-030414;109002629;"Чистящее средство
Тирет-50 шт, крот-50 шт,
белизна-50 шт, пемолюкс-36 шт
стеклоочиститель Help-30 шт";50;шт;1083,33; 216,67;ПС-0100338;"ООО ""УПАК"""
5637269383;RUB;31.12.2020;826;ВН-030415;000000127;Прочие услуги (ЖКХ) ком.услуги г.Каменка, ул.Дружбы,6-1-39;0;шт;540,11; 0,00;ПС-0033275;"ООО ""Жилкомсервис"""
5637269384;RUB;24.12.2020;3009;ВН-030416;109004503;Моющее средство Карекс;75;шт;19150,62; 3 830,13;ПС-0035205;"ООО ""Карекс"""
5637269385;RUB;18.12.2020;1968;ВН-030417;105093569;Подшипник 21307;4;шт;15000; 3 000,00;ПС-0035012;"ООО ""СпецИнжТорг"""
5637269386;RUB;31.12.2020;827;ВН-030418;000000127;Прочие услуги (ЖКХ) ком.услуги г.Каменка, ул.Дружбы,6-2-68;0;шт;633,43; 0,00;ПС-0033275;"ООО ""Жилкомсервис"""
5637269387;RUB;31.12.2020;828;ВН-030419;000000127;Прочие услуги (ЖКХ) ком.услуги г.Каменка, ул.Дружбы,6-2-74;0;шт;633,43; 0,00;ПС-0033275;"ООО ""Жилкомсервис"""
5637269388;RUB;31.12.2020;829;ВН-030420;000000127;Прочие услуги (ЖКХ) ком.услуги г.Каменка, ул.Дружбы,6-2-80;0;шт;633,43; 0,00;ПС-0033275;"ООО ""Жилкомсервис"""
5637269389;RUB;22.12.2020;1736;ВН-030421;000002424;Ремень SPA 1557;10;шт;6900; 1 380,00;ПС-0100846;"ООО ""Леотек-Волга"""
5637269390;RUB;22.12.2020;Прод178057;ВН-030422;000000117;Прочие услуги АУП (ИТР) 20%;0;шт;4132,08; 0,00;ПС-0030821;Закупка ч/з розничн. торговлю
5637269391;RUB;30.11.2020;566.;ВН-030423;000003425;Уголок 75х75х8 сталь;2,23;т;91039,75; 18 207,95;ПС-0101055;"ООО ""ПРОМТРЕЙД"""
5637269392;RUB;30.11.2020;566.;ВН-030423;000003426;Уголок 110х110х8 сталь;3,329;т;155891,54; 31 178,31;ПС-0101055;"ООО ""ПРОМТРЕЙД"""
5637269393;RUB;30.11.2020;566.;ВН-030423;101097037;Арматура 22;3,035;т;113787,22; 22 757,44;ПС-0101055;"ООО ""ПРОМТРЕЙД"""
5637269394;RUB;24.12.2020;279;ВН-030424;000000085;Прочие услуги (ОП);0;шт;5600; 0,00;ПС-0035527;ИП Тришин Сергей Анатольевич
5637269395;RUB;24.12.2020;441/4019214945/410;ВН-030425;101093426;Лампа LED;20;шт;6305,8; 1 261,16;ПС-0100234;"ООО ""ТД ""ЭЛЕКТРОТЕХМОНТАЖ"""
5637269396;RUB;24.12.2020;441/4019214945/410;ВН-030425;101093421;Лампа ДРВ 250;48;шт;18733,92; 3 746,78;ПС-0100234;"ООО ""ТД ""ЭЛЕКТРОТЕХМОНТАЖ"""
5637269397;RUB;24.12.2020;441/4019214945/410;ВН-030425;101093439;Патрон;11;шт;436,7; 87,34;ПС-0100234;"ООО ""ТД ""ЭЛЕКТРОТЕХМОНТАЖ"""
5637269398;RUB;21.12.2020;278;ВН-030426;000000085;Прочие услуги (ОП);0;шт;11200; 0,00;ПС-0035527;ИП Тришин Сергей Анатольевич
5637269399;RUB;04.12.2020;303;ВН-030427;000000012;Ремонт (ТО) лада 4*4 054;0;шт;7590; 0,00;ПС-0035053;ИП Выходцев Иван Иванович
5637269400;RUB;04.12.2020;304;ВН-030428;000000012;Ремонт лада 4*4 710;0;шт;930; 0,00;ПС-0035053;ИП Выходцев Иван Иванович
5637269401;RUB;23.12.2020;1569;ВН-030429;000001088;Масло 5W40;32;л;12466,67; 2 493,33;ПС-0101016;"ООО ""Компания Простор"""
5637269402;RUB;24.12.2020;1498900/0119;ВН-030430;000000201;"Накладные расходы (доставка, хранение и пр.) ООО ""СПЕЦИНЖТОРГ""";0;шт;404,17; 80,83;ПС-0033214;"ООО ""Деловые линии"""
5637269403;RUB;24.12.2020;1498900/0119;ВН-030430;000000201;Накладные расходы (доставка, хранение и пр.);0;шт;73; 0,00;ПС-0033214;"ООО ""Деловые линии"""
5637269404;RUB;23.12.2020;11319;ВН-030431;101094791;Гипс строительный марка Г-5 Б-II;17,94;т;47840,06; 9 568,01;ПС-0100814;"ООО ""Пешеланский гипсовый завод"""
5637269405;RUB;22.12.2020;1100;ВН-030432;101097085;Гайка;2;шт;92; 0,00;ПС-0030720;ИП Серганова Татьяна Владимировна
5637269406;RUB;22.12.2020;1100;ВН-030432;000001581;Муфта;2;шт;164; 0,00;ПС-0030720;ИП Серганова Татьяна Владимировна
5637269407;RUB;22.12.2020;1100;ВН-030432;105093653;Клапан;1;шт;190; 0,00;ПС-0030720;ИП Серганова Татьяна Владимировна
5637269408;RUB;22.12.2020;1100;ВН-030432;105095051;Адаптер;3;шт;197; 0,00;ПС-0030720;ИП Серганова Татьяна Владимировна
5637269409;RUB;22.12.2020;1100;ВН-030432;105094707;Соединитель;2;шт;294; 0,00;ПС-0030720;ИП Серганова Татьяна Владимировна
5637269410;RUB;22.12.2020;1100;ВН-030432;101098024;Хомут винтовой 110-130 мм;2;шт;500; 0,00;ПС-0030720;ИП Серганова Татьяна Владимировна
5637269411;RUB;22.12.2020;1100;ВН-030432;105099753;Кран шаровый 1';2;шт;992; 0,00;ПС-0030720;ИП Серганова Татьяна Владимировна
5637269412;RUB;22.12.2020;1100;ВН-030432;101093660;Анкерный болт;20;шт;500; 0,00;ПС-0030720;ИП Серганова Татьяна Владимировна
5637269413;RUB;22.12.2020;1100;ВН-030432;101093694;Дюбель;20;шт;30; 0,00;ПС-0030720;ИП Серганова Татьяна Владимировна
5637269414;RUB;22.12.2020;1100;ВН-030432;101095384;Саморезы;3;упак;158; 0,00;ПС-0030720;ИП Серганова Татьяна Владимировна
5637269415;RUB;24.12.2020;87;ВН-030433;000000682;Тепловая завеса;1;шт;6150; 1 230,00;ПС-0100490;ИП Зимина Юлия Владимировна
5637269416;RUB;25.12.2020;5996;ВН-030434;000001977;Стеклоочиститель (мотор-редуктор);1;шт;32819,27; 6 563,85;ПС-0035563;"ООО ""ТЕХНОДОМ"""
5637269417;RUB;25.12.2020;2512;ВН-030435;000000094;Текущий ремонт зданий и сооружений ОП прооизв. корпус ремонт остекления;0;шт;36480; 0,00;ПС-0100605;ИП Боков Дмитрий Алексеевич
5637269418;RUB;25.12.2020;38;ВН-030436;000000063;ИП Николаев М.В. Договор 38 от 07.12.2020. Ремонт здания известкового отд.;0;шт;84219; 0,00;ПС-0034652;ИП Николаев Максим Владимирович
5637269419;RUB;24.12.2020;35;ВН-030437;000000094;Текущий ремонт зданий и сооружений ОП ремонтно- отделочные работы помещения мужского туалета;0;шт;297081; 0,00;ПС-0034652;ИП Николаев Максим Владимирович
5637269420;RUB;24.12.2020;34;ВН-030438;000000094;Текущий ремонт зданий и сооружений ОП Ремонт помещений Ру1,РУ3,РУ6;0;шт;899662; 0,00;ПС-0034652;ИП Николаев Максим Владимирович
5637269421;RUB;24.12.2020;13067;ВН-030439;101095071;Рукав кислородный;150;м;9125; 1 825,00;ПС-0030858;"ООО ""МВС"""
5637269422;RUB;19.12.2020;5040634/0036;ВН-030440;000000201;Накладные расходы (доставка, хранение и пр.);0;шт;18916,67; 3 783,33;ПС-0033214;"ООО ""Деловые линии"""
5637269423;RUB;31.12.2020;Н-0031262;ВН-030441;000000117;Прочие услуги АУП (ИТР) 20% абонирование  ячейки №27;0;шт;2796; 559,20;ПС-0100877;"АО ""Почта России"""
5637269424;RUB;31.12.2020;Н-0031262;ВН-030441;000000117;Прочие услуги АУП (ИТР) 20%;0;шт;225; 45,00;ПС-0100877;"АО ""Почта России"""
5637269425;RUB;21.12.2020;344;ВН-030442;105095228;Кольцо;5;шт;4541,67; 908,33;ПС-0100214;"ООО ""Колесница"""
5637269426;RUB;23.12.2020;346;ВН-030443;105099060;Аккумулятор 60А (АКБ);1;шт;3275; 655,00;ПС-0100214;"ООО ""Колесница"""
5637269427;RUB;25.12.2020;УТ-28815;ВН-030444;101096982;Зажим канатный;10;шт;141,67; 28,33;ПС-0031781;ИП Данилюк Сергей Александрович
5637269428;RUB;25.12.2020;УТ-28815;ВН-030444;000000989;Трос Ф6;30;м;1750; 350,00;ПС-0031781;ИП Данилюк Сергей Александрович
5637269429;RUB;25.12.2020;УТ-28815;ВН-030444;109001118;Нож;1;шт;200; 40,00;ПС-0031781;ИП Данилюк Сергей Александрович
5637269430;RUB;24.12.2020;86;ВН-030445;109093654;Шлифовальная машина аккумуляторная;1;шт;23758,33; 4 751,67;ПС-0100490;ИП Зимина Юлия Владимировна
5637269431;RUB;24.12.2020;86;ВН-030445;000002284;Гайковерт с ударным механизмом аккумуляторный;1;шт;28962,5; 5 792,50;ПС-0100490;ИП Зимина Юлия Владимировна
5637269432;RUB;24.12.2020;4-645;ВН-030446;000000089;Сертификация, обследование и аттестация оборудования ОП (Экспертиза жома);0;шт;21960; 0,00;ПС-0030026;"Союз ""Пензенская областная торгово-промышленная палата"""
5637269433;RUB;14.12.2020;149;ВН-030447;000000074;Прочие услуги (КИПиА)ремонт кондиционера Lessar28;0;шт;7291,67; 1 458,33;ПС-0035477;"ООО ""НОРМАКУЛ СЕРВИС"""
5637269434;RUB;25.12.2020;5997;ВН-030448;103100961;Масло моторное PLUS-50;20;л;4375,69; 875,13;ПС-0035563;"ООО ""ТЕХНОДОМ"""
5637269435;RUB;25.12.2020;5997;ВН-030448;103100961;Масло моторное PLUS-50;20;л;4097,03; 819,41;ПС-0035563;"ООО ""ТЕХНОДОМ"""
5637269436;RUB;22.12.2020;0000-001245/4;ВН-030449;000000142; Обучение Корытцева Л.Н. март 2020;0;шт;1750; 0,00;ПС-0100164;"УФК по Тамбовской области (ФГБОУ ВО ""Мичуринский государственный аграрный университет, л/с 20646Х051"
5637269437;RUB;22.12.2020;0000-000695;ВН-030450;000000165; Обучение Плотникова Г.А. март 2020;0;шт;1750; 0,00;ПС-0100164;"УФК по Тамбовской области (ФГБОУ ВО ""Мичуринский государственный аграрный университет, л/с 20646Х051"
5637269438;RUB;23.12.2020;189;ВН-030451;000000089;Сертификация, обследование и аттестация оборудования ОП;0;шт;35052; 0,00;ПС-0033879;ИП СУРКОВ ИГОРЬ АЛЕКСЕЕВИЧ
5637269439;RUB;23.12.2020;УТ-1284;ВН-030452;101093062;Натр едкий марка РД (раствор);20,14;т;332310; 66 462,00;ПС-0100150;"ООО ""ДИАЛ"""
5637269440;RUB;23.12.2020;УТ-1284;ВН-030452;101093062;Натр едкий марка РД (раствор);1,68;т;27720; 5 544,00;ПС-0100150;"ООО ""ДИАЛ"""
5637269441;RUB;19.12.2020;201219003;ВН-030453;00000001845;САХАР ПОКУПНОЙ (ПЕРЕПРОДАЖА);130,2;т;5082534,55; 508 253,45;ПС-0100998;"ООО ""Коммерциал-Центр"""
5637269442;RUB;18.12.2020;275;ВН-030454;000000054;Автовышка (флаги);0;шт;9800; 0,00;ПС-0035527;ИП Тришин Сергей Анатольевич
5637269443;RUB;22.12.2020;277;ВН-030455;000000054;Автовышка (жилп);0;шт;5600; 0,00;ПС-0035527;ИП Тришин Сергей Анатольевич
5637269444;RUB;22.12.2020;345;ВН-030456;000001086;Автошина 6,5х10;6;шт;96650; 19 330,00;ПС-0100214;"ООО ""Колесница"""
5637269445;RUB;19.12.2020;Н-0031278;ВН-030457;000000060;Прочие услуги (ОГМ);0;шт;2000; 0,00;ПС-0100490;ИП Зимина Юлия Владимировна
5637269446;RUB;16.12.2020;201216025;ВН-030458;00000001845;САХАР ПОКУПНОЙ (ПЕРЕПРОДАЖА);72,6;т;2867040; 286 704,00;ПС-0100998;"ООО ""Коммерциал-Центр"""
5637269449;RUB;17.12.2020;121701;ВН-030459;000003455;Корпус мешалки гипса;1;шт;120833,33; 24 166,67;ПС-0034975;"ООО ""Пензастройсервис"""
5637269450;RUB;17.12.2020;121701;ВН-030459;000003456;Корпус мешалки комочки;1;шт;116666,67; 23 333,33;ПС-0034975;"ООО ""Пензастройсервис"""
5637269451;RUB;25.12.2020;89;ВН-030460;109003818;Щетка для дрели 100мм;1;шт;1250; 250,00;ПС-0100490;ИП Зимина Юлия Владимировна
5637269452;RUB;25.12.2020;30;ВН-030461;000000704;Дверь ДО8;1;шт;5490; 0,00;ПС-0100120;ИП Акжигитова Галия Мухтаровна
5637269453;RUB;25.12.2020;30;ВН-030461;000001059;Дверная коробка;3;шт;1080; 0,00;ПС-0100120;ИП Акжигитова Галия Мухтаровна
5637269454;RUB;25.12.2020;30;ВН-030461;000001060;Наличник;5;шт;1100; 0,00;ПС-0100120;ИП Акжигитова Галия Мухтаровна
5637269455;RUB;25.12.2020;30;ВН-030461;101094155;Петли;1;шт;400; 0,00;ПС-0100120;ИП Акжигитова Галия Мухтаровна
5637269456;RUB;18.12.2020;2984;ВН-030462;000000004;Обучение и аттестация персонала ТЭЦ;0;шт;4800; 0,00;ПС-0033396;"АНО ДПО Учебный центр ""Кадры"""
5637269457;RUB;25.12.2020;660-А;ВН-030463;000000094;Текущий ремонт зданий и сооружений ОП;0;шт;377820; 75 564,00;ПС-0034213;"ООО ""Стройтермоизоляция"""
5637269458;RUB;31.12.2020;75;ВН-030464;000000117;Прочие услуги АУП (ИТР) 20%;0;шт;20833,33; 4 166,67;ПС-0000052;"ОАО ""Студенецкий мукомольный завод"""
5637269459;RUB;19.12.2020;2601_5040634/0036;ВКН-001667;000000201;Накладные расходы (доставка, хранение и пр.);0;шт;-18916,67;- 3 783,33;ПС-0033214;"ООО ""Деловые линии"""
5637269460;RUB;25.12.2020;13;ВН-030465;000003110;Электроды carbo 490;2;кг;12500; 2 500,00;ПС-0101058;"ООО ""Карат"""
5637269461;RUB;19.12.2020;5040634/0036.;ВН-030466;000000168;Услуги перевозчика СГП (рейс);0;шт;18916,67; 3 783,33;ПС-0033214;"ООО ""Деловые линии"""
5637269462;RUB;28.12.2020;2812;ВН-030467;000000127;Прочие услуги (ЖКХ) ком.услуги г.Анапа, шевченко,73Б-28;0;шт;1949,25; 0,00;ПС-0035146;"ООО ""Альтернативные коммунальные системы"""
5637269463;RUB;21.12.2020;13;ВН-030468;000000117;Прочие услуги АУП (ИТР) 20% - перевозка пассажиров;0;шт;9200; 0,00;ПС-0100025;ИП Лазутин Анатолий Дмитриевич
5637269464;RUB;24.12.2020;62;ВН-030469;104097022;Поддон 1200х1000;425;шт;131750; 0,00;ПС-0100936;"ООО ""Азимут"""
5637269465;RUB;23.12.2020;53-ЭХЗ;ВН-030470;000000005;Технический осмотр неавтоматической станции катодной защиты;0;шт;3925,07; 785,02;ПС-0034583;"АО ""Газпром Газораспределение Пенза"""
5637269466;RUB;25.12.2020;18040;ВН-030471;101093435;Розетка;10;шт;964,83; 192,97;ПС-0033791;"ООО""Максима"""
5637269467;RUB;25.12.2020;18040;ВН-030471;000001265;Розетка двойная;12;шт;1632; 326,40;ПС-0033791;"ООО""Максима"""
5637269468;RUB;25.12.2020;18040;ВН-030471;000001267;Розетка с заземлен;10;шт;891,5; 178,30;ПС-0033791;"ООО""Максима"""
5637269469;RUB;25.12.2020;18040;ВН-030471;000001265;Розетка двойная;12;шт;1976; 395,20;ПС-0033791;"ООО""Максима"""
5637269470;RUB;25.12.2020;18040;ВН-030471;101093436;Вилка электрическая;24;шт;1551,8; 310,36;ПС-0033791;"ООО""Максима"""
5637269471;RUB;25.12.2020;18040;ВН-030471;101093426;Лампа LED;50;шт;3902,92; 780,58;ПС-0033791;"ООО""Максима"""
5637269472;RUB;25.12.2020;18040;ВН-030471;000000947;Светильник ДВО 36вт;16;шт;12735,33; 2 547,07;ПС-0033791;"ООО""Максима"""
5637269473;RUB;28.12.2020;23516;ВН-030472;000000197;Прочие услуги (неучитываемые в целях налогообложения);0;шт;336074,37; 0,00;ПС-0030821;Закупка ч/з розничн. торговлю
5637269474;RUB;25.12.2020;ПНВ12-0877/16;ВН-030473;109099352;Перчатки химкостойкие;14;пар;2205; 441,00;ПС-0035125;"ООО ""Восток-Сервис-Поволжье"""
5637269475;RUB;23.12.2020;5599;ВН-030474;105093454;Фильтр;1;шт;9734,99; 1 947,00;ПС-0035563;"ООО ""ТЕХНОДОМ"""
5637269476;RUB;10.12.2020;60;ВН-030475;000000166;Ремонт вентиляционного оборудования;0;шт;55333,33; 11 066,67;ПС-0100979;"ООО ""Дом инженера"""
5637269477;RUB;08.12.2020;273;ВН-030476;000000054;Автовышка;0;шт;5600; 0,00;ПС-0035527;ИП Тришин Сергей Анатольевич
5637269478;RUB;28.12.2020;J1227816;ВН-030477;109004340;Фонарь ручной ЯРКИЙ ЛУЧ;3;шт;7650; 1 530,00;ПС-0100387;"ООО ""Ситилинк"""
5637269479;RUB;28.12.2020;4817;ВН-030478;109093762;Резак;6;шт;9741; 1 948,20;ПС-0034171;"ООО ""Сварком"""
5637269480;RUB;28.12.2020;4817;ВН-030478;105094724;Мундштук сварочный;10;шт;2090,83; 418,17;ПС-0034171;"ООО ""Сварком"""
5637269481;RUB;28.12.2020;4817;ВН-030478;000000726;Держак сварочный;10;шт;6316,92; 1 263,38;ПС-0034171;"ООО ""Сварком"""
5637269482;RUB;25.12.2020;1571;ВН-030479;000000787;Круг отрезной 125*1.4*22.2;200;шт;3500; 700,00;ПС-0033540;"ООО ""ПензИнструмент"""
5637269483;RUB;25.12.2020;1571;ВН-030479;101099713;Круг отрезной 230x1,8x22,2;200;шт;8700; 1 740,00;ПС-0033540;"ООО ""ПензИнструмент"""
5637269484;RUB;25.12.2020;1571;ВН-030479;101099707;Круг шлифовальный 115x6x22,2;100;шт;4450; 890,00;ПС-0033540;"ООО ""ПензИнструмент"""
5637269485;RUB;25.12.2020;1571;ВН-030479;000001462;Круг отрезной 150х1,8х22,2;100;шт;2450; 490,00;ПС-0033540;"ООО ""ПензИнструмент"""
5637269486;RUB;17.12.2020;0219825;ВН-030480;00000002455;САХАР ПОКУПНОЙ;19,32;т;694641,82; 69 464,18;ПС-0032098;"ООО ""СДС"""
5637269487;RUB;28.12.2020;2812;ВН-030481;000000201;Накладные расходы (доставка, хранение и пр.);0;шт;2000; 0,00;ПС-0100091;ИП Кузнецов Михаил Викторович
5637269488;RUB;28.12.2020;2812;ВН-030481;000000201;Накладные расходы (доставка, хранение и пр.);0;шт;2000; 0,00;ПС-0100091;ИП Кузнецов Михаил Викторович
5637269489;RUB;28.12.2020;2812;ВН-030481;000000201;Накладные расходы (доставка, хранение и пр.);0;шт;1940; 0,00;ПС-0100091;ИП Кузнецов Михаил Викторович
5637269490;RUB;28.12.2020;1047076/0300;ВН-030482;000000201;"Накладные расходы (доставка, хранение и пр.) ООО ""ШЗКС""";0;шт;6553,33; 1 310,67;ПС-0033214;"ООО ""Деловые линии"""
5637269491;RUB;28.12.2020;1047076/0300;ВН-030482;000000201;Накладные расходы (доставка, хранение и пр.);0;шт;658; 0,00;ПС-0033214;"ООО ""Деловые линии"""
5637269492;RUB;28.12.2020;5005027/0300;ВН-030483;000000201;"Накладные расходы (доставка, хранение и пр.) ООО ""ШЗКС""";0;шт;165,83; 33,17;ПС-0033214;"ООО ""Деловые линии"""
5637269493;RUB;28.12.2020;5005027/0300;ВН-030483;000000201;Накладные расходы (доставка, хранение и пр.);0;шт;22; 0,00;ПС-0033214;"ООО ""Деловые линии"""
5637269494;RUB;23.12.2020;5576;ВН-030484;105093450;Фильтр  масляный;1;шт;617,99; 123,60;ПС-0035563;"ООО ""ТЕХНОДОМ"""
5637269495;RUB;23.12.2020;5576;ВН-030484;105093451;Фильтр воздушный;1;шт;285,12; 57,02;ПС-0035563;"ООО ""ТЕХНОДОМ"""
5637269496;RUB;23.12.2020;5576;ВН-030484;105093451;Фильтр воздушный;1;шт;244,98; 49,00;ПС-0035563;"ООО ""ТЕХНОДОМ"""
5637269497;RUB;23.12.2020;5576;ВН-030484;105093454;Фильтр;1;шт;1567,7; 313,54;ПС-0035563;"ООО ""ТЕХНОДОМ"""
5637269498;RUB;23.12.2020;5576;ВН-030484;105002560;Фильтр  топливный;1;шт;915,69; 183,14;ПС-0035563;"ООО ""ТЕХНОДОМ"""
5637269499;RUB;23.12.2020;5576;ВН-030484;105093454;Фильтр;1;шт;6398,96; 1 279,78;ПС-0035563;"ООО ""ТЕХНОДОМ"""
5637269500;RUB;23.12.2020;5576;ВН-030484;105093454;Фильтр;1;шт;2478,39; 495,68;ПС-0035563;"ООО ""ТЕХНОДОМ"""
5637269501;RUB;23.12.2020;5576;ВН-030484;000002366;Клапан перепускной;1;шт;167,33; 33,47;ПС-0035563;"ООО ""ТЕХНОДОМ"""
5637269502;RUB;23.12.2020;5576;ВН-030484;105093450;Фильтр  масляный;1;шт;1977,97; 395,59;ПС-0035563;"ООО ""ТЕХНОДОМ"""
5637269503;RUB;23.12.2020;5576;ВН-030484;105093560;Прокладка;1;шт;2171,29; 434,26;ПС-0035563;"ООО ""ТЕХНОДОМ"""
5637269504;RUB;23.12.2020;5576;ВН-030484;105099857;Крышка МТЗ;1;шт;3420,57; 684,11;ПС-0035563;"ООО ""ТЕХНОДОМ"""
5637269505;RUB;23.12.2020;5576;ВН-030484;105099857;Крышка МТЗ;1;шт;1257,81; 251,56;ПС-0035563;"ООО ""ТЕХНОДОМ"""
5637269506;RUB;23.12.2020;5576;ВН-030484;000001299;Канистра;1;шт;108,33; 21,67;ПС-0035563;"ООО ""ТЕХНОДОМ"""
5637269507;RUB;23.12.2020;5576;ВН-030484;000001299;Канистра;1;шт;208,33; 41,67;ПС-0035563;"ООО ""ТЕХНОДОМ"""
5637269508;RUB;23.12.2020;5576;ВН-030484;105093454;Фильтр;1;шт;1262,65; 252,53;ПС-0035563;"ООО ""ТЕХНОДОМ"""
5637269509;RUB;28.12.2020;1092132/0148;ВН-030485;000000201;"Накладные расходы (доставка, хранение и пр.) АО ""РИДАН""";0;шт;24110,83; 4 822,17;ПС-0033214;"ООО ""Деловые линии"""
5637269510;RUB;28.12.2020;1092132/0148;ВН-030485;000000201;Накладные расходы (доставка, хранение и пр.);0;шт;3746; 0,00;ПС-0033214;"ООО ""Деловые линии"""
5637269511;RUB;28.12.2020;5051373/0010;ВН-030486;000000201;"Накладные расходы (доставка, хранение и пр.) ООО ""БМА РУССЛАНД""";0;шт;165,83; 33,17;ПС-0033214;"ООО ""Деловые линии"""
5637269512;RUB;28.12.2020;5051373/0010;ВН-030486;000000201;Накладные расходы (доставка, хранение и пр.);0;шт;22; 0,00;ПС-0033214;"ООО ""Деловые линии"""
5637269513;RUB;28.12.2020;1089630/0057;ВН-030487;000000201;"Накладные расходы (доставка, хранение и пр.) ООО ""МИНИМЕД""";0;шт;1109,17; 221,83;ПС-0033214;"ООО ""Деловые линии"""
5637269514;RUB;23.12.2020;5576.;ВН-030488;101096729;Смазка Shell Gadus S2 V 220 AC 2;4;шт;2016,33; 403,27;ПС-0035563;"ООО ""ТЕХНОДОМ"""
5637269515;RUB;23.12.2020;5576.;ВН-030488;103100961;Масло моторное PLUS-50;25;л;5554,59; 1 110,91;ПС-0035563;"ООО ""ТЕХНОДОМ"""
5637269516;RUB;18.12.2020;407;ВН-030489;000001316;Ковш элеватора;325;шт;203125; 40 625,00;ПС-0035737;"ООО ""Шахтинский Завод Конвейерных Систем"""
5637269517;RUB;23.12.2020;5038506/0015;ВН-030490;000000201;"Накладные расходы (доставка, хранение и пр.) ООО ""АГРОСАХДЕТАЛЬ""";0;шт;38250; 7 650,00;ПС-0033214;"ООО ""Деловые линии"""
5637269518;RUB;23.12.2020;3064;ВН-030491;000003418;Подшипник 3218А;2;шт;25599,44; 5 119,89;ПС-0035657;"АО ""Подшипник-Сервис"""
5637269519;RUB;28.12.2020;KUF0171499;ВН-030492;000000085;Прочие услуги (ОП);0;шт;32209,57; 6 441,91;ПС-0100281;"АО ""ДХЛ Интернешнл"""
5637269520;RUB;25.12.2020;20933364044;ВН-030493;000000117;Прочие услуги АУП (ИТР) 20%;0;шт;11288; 0,00;ПС-0100819;"АО ""ПФ ""СКБ Контур"""
5637269521;RUB;25.12.2020;20933364044;ВН-030493;000000117;Прочие услуги АУП (ИТР) 20%;0;шт;2351,67; 470,33;ПС-0100819;"АО ""ПФ ""СКБ Контур"""
5637269522;RUB;31.12.2020;б/н;ВН-030494;000000005;Прочие услуги ТЭЦ;0;шт;52091,2; 10 418,24;ПС-0034218;"Министерство финансов Пензенской области (Государственное бюджетное учреждение Пензенской области ""Пензенский пожарно-спасательный центр"" Л.С.84001820"
5637269523;УЕ1;01.12.2020;14088.;ВН-030495;;Корректировка сопоставления по поставщику;0;;6973,8; 0,00;ПС-0035616;"АО ""Зульцер Насосы"""
5637269524;УЕ1;01.12.2020;ст14088;ВКН-001668;;Сторно накладной для корректировки сопоставления;0;;-6973,8; 0,00;ПС-0035616;"АО ""Зульцер Насосы"""
5637269525;УЕ1;25.12.2020;1152;ВН-030496;105099419;Затвор 924В DN 50 PN 16 с рукояткой(импорт);10;шт;625,5; 125,10;ПС-0034252;"ООО ""Диалкон Технолоджи"""
5637269526;УЕ1;25.12.2020;1152;ВН-030496;105099242;Затвор поворотный дисковый межфланцевый DN 65 PN 16 с рукоят;4;шт;293,2; 58,64;ПС-0034252;"ООО ""Диалкон Технолоджи"""
5637269527;УЕ1;25.12.2020;1152;ВН-030496;105095897;Затвор поворотный дисковый DN80;10;шт;790; 158,00;ПС-0034252;"ООО ""Диалкон Технолоджи"""
5637269528;УЕ1;25.12.2020;1152;ВН-030496;101093668;Затвор поворотный дисковый DN100;10;шт;905; 181,00;ПС-0034252;"ООО ""Диалкон Технолоджи"""
5637269529;УЕ1;25.12.2020;1152;ВН-030496;105099227;Затвор поротный дисковый межфланцевый с рукояткой DN 125 мм;10;шт;1230; 246,00;ПС-0034252;"ООО ""Диалкон Технолоджи"""
5637269530;УЕ1;25.12.2020;1152;ВН-030496;105095992;Затвор поворотный дисковый межфланцевый с рукояткой DN150;2;шт;274,6; 54,92;ПС-0034252;"ООО ""Диалкон Технолоджи"""
5637269531;УЕ1;25.12.2020;1152;ВН-030496;000000479;Затвор дисковый DN 200 c редуктором;2;шт;649,6; 129,92;ПС-0034252;"ООО ""Диалкон Технолоджи"""
5637269532;УЕ1;25.12.2020;1152;ВН-030496;105097162;Затвор поворотный дисковый межфланцевый с редуктором DN 300;2;шт;1415,3; 283,06;ПС-0034252;"ООО ""Диалкон Технолоджи"""
5637269533;RUB;18.12.2020;15;ВН-030497;000002305;Мешок сиропный 25 мкм;2000;шт;260000; 52 000,00;ПС-0100999;"ООО ""Тесторис"""
5637269534;RUB;22.12.2020;3243;ВН-030498;000003397;Теплообменник пластинчатый HН № 53F;1;шт;1759500; 351 900,00;ПС-0035284;"ООО ""ХИТИНВЕСТ"""
5637269535;RUB;28.12.2020;282;ВН-030499;000000197;Прочие услуги (неучитываемые в целях налогообложения);0;шт;8400; 0,00;ПС-0035527;ИП Тришин Сергей Анатольевич
5637269536;RUB;25.12.2020;0000655/12006813;ВН-030500;000000205;"Транспортные услуги по перевозке грузов 
Перевыставляемые услуги";1;шт;557665; 111 533,00;ПС-0030915;"ОАО ""РЖД"""
5637269537;RUB;25.12.2020;4803;ВН-030501;103100440;Дизельное Топливо;28117;л;1057266,25; 211 453,25;ПС-0100616;"ООО ""ВЕГА"""
5637269538;RUB;25.12.2020;0000655/12007207;ВН-030502;000000205;Погрузка, разгрузка Перевыставляемые услуги;1;шт;6061,37; 1 212,27;ПС-0030915;"ОАО ""РЖД"""
5637269539;RUB;29.12.2020;63;ВН-030503;104097022;Поддон 1200х1000;600;шт;186000; 0,00;ПС-0100936;"ООО ""Азимут"""
5637269540;RUB;25.12.2020;0000655/12007207.;ВН-030504;000000032;Услуги по подаче ЖД-вагонов (в ТОННАХ);0;шт;3730,63; 746,13;ПС-0030915;"ОАО ""РЖД"""
5637269541;RUB;25.12.2020;0000655/12006830;ВН-030505;000000376;"Транспортные услуги по перевозке грузов Экспорт
Перевыставляемые услуги 0%";1;шт;51580; 0,00;ПС-0030915;"ОАО ""РЖД"""
5637269542;RUB;25.12.2020;0000655/12006822;ВН-030506;000000205;"Охрана и сопровождение грузов 
Перевыставляемые услуги";1;шт;80612; 16 122,40;ПС-0030915;"ОАО ""РЖД"""
5637269543;RUB;25.12.2020;0000655/12006835;ВН-030507;000000205;"Охрана и сопровождение Экспорт 
Перевыставляемые услуги 20%";1;шт;4986; 997,20;ПС-0030915;"ОАО ""РЖД"""
5637269544;RUB;28.12.2020;1227045/0010;ВН-030508;000000201;"Накладные расходы (доставка, хранение и пр.) ООО ""БМА РУССЛАНД""";0;шт;2962,5; 592,50;ПС-0033214;"ООО ""Деловые линии"""
5637269545;RUB;28.12.2020;1227045/0010;ВН-030508;000000201;Накладные расходы (доставка, хранение и пр.);0;шт;425; 0,00;ПС-0033214;"ООО ""Деловые линии"""
5637269546;УЕ1;21.12.2020;917;ВН-030509;105096585;Корпус на центрифугу;1;шт;1979,65; 395,93;ПС-0035438;"ООО""БМА Руссланд"""
5637269547;RUB;23.12.2020;442240.01;ВН-030510;000000117;Прочие услуги АУП (ИТР) 20%;0;шт;1626,8; 0,00;ПС-0030821;Закупка ч/з розничн. торговлю
5637269548;RUB;25.12.2020;00011;ВН-030511;000000844;Продукты бакалейные;1;шт;219,99; 0,00;ПС-0030821;Закупка ч/з розничн. торговлю
5637269549;RUB;28.12.2020;1452;ВН-030512;000002651;Цепь ПР 50,8-22700;16;м;39066,66; 7 813,34;ПС-0100544;"ООО ""ДЕЛО ТЕХНИКИ"""
5637269550;RUB;28.12.2020;1452;ВН-030512;000002651;Цепь ПР 50,8-22700;7;м;17091,67; 3 418,33;ПС-0100544;"ООО ""ДЕЛО ТЕХНИКИ"""
5637269551;RUB;28.12.2020;1452;ВН-030512;000002651;Цепь ПР 50,8-22700;8;м;19533,33; 3 906,67;ПС-0100544;"ООО ""ДЕЛО ТЕХНИКИ"""
5637269552;RUB;28.12.2020;1452;ВН-030512;000002651;Цепь ПР 50,8-22700;9;м;21975; 4 395,00;ПС-0100544;"ООО ""ДЕЛО ТЕХНИКИ"""
5637269553;RUB;28.12.2020;1452;ВН-030512;000002652;Звено С-ПР 50,8-22700;10;шт;1666,67; 333,33;ПС-0100544;"ООО ""ДЕЛО ТЕХНИКИ"""
5637269554;RUB;18.12.2020;1367;ВН-030513;109099642;Строп СТП-1,0т/0,5 м;12;шт;1700; 340,00;ПС-0034894;"ЗАО ""Светлана-98"""
5637269555;RUB;18.12.2020;1367;ВН-030513;109099284;Строп СТП - 1,0т/1,0м;12;шт;4000; 800,00;ПС-0034894;"ЗАО ""Светлана-98"""
5637269556;RUB;18.12.2020;1367;ВН-030513;109099285;Строп СТП - 2,0т/2,0м;12;шт;8100; 1 620,00;ПС-0034894;"ЗАО ""Светлана-98"""
5637269557;RUB;18.12.2020;1367;ВН-030513;109099287;Строп СТП - 3,0т/3,0м;10;шт;14000; 2 800,00;ПС-0034894;"ЗАО ""Светлана-98"""
5637269558;RUB;21.12.2020;Н-0031335;ВН-030514;109096829;Контейнер д/биобразный с завинч.крышкой 200мл.;600;шт;15400; 3 080,00;ПС-0100369;"ООО ""МиниМед"""
5637269559;RUB;23.12.2020;3063;ВН-030515;000002925;Насос для подачи смазки;1;шт;416912,89; 83 382,58;ПС-0035657;"АО ""Подшипник-Сервис"""
5637269560;RUB;28.12.2020;J1271804;ВН-030516;109003853;Кресло;1;шт;4241,67; 848,33;ПС-0100387;"ООО ""Ситилинк"""
5637269561;RUB;28.12.2020;3897;ВН-030517;105097758;Ремень A 2650;10;шт;1433,33; 286,67;ПС-0032126;"ООО ""Шаровая"""
5637269562;RUB;29.12.2020;29/2020/6/423;ВН-030518;000000117;Прочие услуги АУП (ИТР) 20%;0;шт;30000; 0,00;ПС-0100499;"ООО ""ПЦЗК ""Атлас"""
5637269563;RUB;29.12.2020;KU-1049;ВН-030519;000000659;Смазка MOBIL SHC POLYREX 222 (пищевая);32;кг;73000; 14 600,00;ПС-0100551;"ООО ""Клён-205"""
5637269564;RUB;28.12.2020;2842;ВН-030520;104097785;Картон гофрированный Т-21 1200х1000мм;20800;шт;285133,33; 57 026,67;ПС-0035571;"ООО ""Тарос"""
5637269565;RUB;23.12.2020;347;ВН-030521;000000197;Прочие услуги (неучитываемые в целях налогообложения);0;шт;10000; 0,00;ПС-0035527;ИП Тришин Сергей Анатольевич
5637269566;RUB;25.12.2020;Н-0031343;ВН-030522;000000201;Автотранспортные услуги;0;шт;10800; 0,00;ПС-0100514;ИП Кашков Сергей Николаевич
5637269567;RUB;29.12.2020;84;ВН-030523;101097224;"Бур по бетону алмазная коронка по ж/б ф132/450/24х4.0х10/10__1 1/4""-1шт 
Алмазная коронка по ж/б ф72/450/24х3.5х10/10__1 1/4""-1шт";2;шт;16541,67; 3 308,33;ПС-0101042;ИП Поляков Максим Валерьевич
5637269568;RUB;29.12.2020;84;ВН-030523;105095051;Адаптер к установкам алмазного бурения  1/4-UHC (нар.) - М16 (внутр.);1;шт;7333,33; 1 466,67;ПС-0101042;ИП Поляков Максим Валерьевич
5637269570;RUB;16.12.2020;1655_Н-0031020;ВКН-001670;000000001;Строительство новых ОС;0;шт;-10416,67;- 2 083,33;ПС-0035477;"ООО ""НОРМАКУЛ СЕРВИС"""
5637269571;RUB;16.12.2020;127;ВН-030524;000000001;Строительство новых ОС;0;шт;10416,67; 2 083,33;ПС-0035477;"ООО ""НОРМАКУЛ СЕРВИС"""
5637269572;RUB;19.12.2020;4409_Н-0031278;ВКН-001671;000000060;Прочие услуги (ОГМ);0;шт;-2000; 0,00;ПС-0100490;ИП Зимина Юлия Владимировна
5637269573;RUB;28.12.2020;877;ВН-030525;000000123;Услуги ИТ;0;шт;7347,5; 1 469,50;ПС-0100048;"АО ""Колумбус"""
5637269574;RUB;28.12.2020;У-2581;ВН-030526;105099867;Подшипниковый узел UCF 214;4;шт;19000; 3 800,00;ПС-0100973;ООО ТехРемКомплект
5637269575;RUB;28.12.2020;У-2581;ВН-030526;105093875;Подшипниковый узел UCP 218;1;шт;12341,67; 2 468,33;ПС-0100973;ООО ТехРемКомплект
5637269576;RUB;19.12.2020;Н-0031347;ВН-030527;000000060;Прочие услуги (ОГМ);0;шт;1666,67; 333,33;ПС-0100490;ИП Зимина Юлия Владимировна
5637269577;RUB;19.12.2020;0645_Н-0031347;ВКН-001672;000000060;Прочие услуги (ОГМ);0;шт;-1666,67;- 333,33;ПС-0100490;ИП Зимина Юлия Владимировна
5637269578;RUB;28.12.2020;90;ВН-030528;000000060;Прочие услуги (ОГМ);0;шт;1666,67; 333,33;ПС-0100490;ИП Зимина Юлия Владимировна
5637269579;RUB;30.12.2020;3037;ВН-030529;000000196;Медицинские и оздоровит. услуги (санаторно-курортн. лечение);0;шт;36400; 0,00;ПС-0100645;"ЛПУ ""Санаторий им.В.В. Володарского"""
5637269580;RUB;28.12.2020;867;ВН-030530;000000200;РБП прочие (свыше 12 месяцев);0;шт;1414516,38; 0,00;ПС-0100048;"АО ""Колумбус"""
5637269581;RUB;28.12.2020;3071;ВН-030531;000000127;Прочие услуги (ЖКХ) ком.услуги г.Каменка, ул.Чернышевского,31а-84;0;шт;1045,23; 0,00;ПС-0034166;"ОДО ""Каменские водопроводные сети"""
5637269582;RUB;31.12.2020;983;ВН-030532;000000195;Прочие услуги (учитываемые в целях налогообложения);0;шт;6500; 0,00;ПС-0034135;"Пензенский филиал АО ""Реестр"""
5637269583;RUB;21.12.2020;5509_Н-0031335;ВКН-001673;109096829;Контейнер д/биобразный с завинч.крышкой 200мл.;-600;шт;-15400;- 3 080,00;ПС-0100369;"ООО ""МиниМед"""
5637269584;RUB;28.12.2020;17-02/17176;ВН-030533;000000127;Прочие услуги (ЖКХ) - уведомление о задолженности  лич.счет 0100115505 Каменка, ул.Дружбы 6-68;0;шт;277,93; 0,00;ПС-0000246;"ООО ""Газпром межрегионгаз Пенза"""
5637269585;RUB;21.12.2020;66780;ВН-030534;109096829;Контейнер д/биобразный с завинч.крышкой 200мл.;600;шт;16800; 1 680,00;ПС-0100369;"ООО ""МиниМед"""
5637269586;RUB;30.12.2020;3012;ВН-030535;000000197;Прочие услуги (неучитываемые в целях налогообложения);0;шт;60000; 0,00;ПС-0030821;Закупка ч/з розничн. торговлю
5637269587;RUB;30.12.2020;КU-1053;ВН-030536;103192852;Масло трансмиссионное ТМ-5,ТАД-17,ЖЛ;616,5;л;43750; 8 750,00;ПС-0100551;"ООО ""Клён-205"""
5637269588;RUB;30.12.2020;ХСА2007173;ВН-030537;000000012;???TO-1 Renaut Daster 331;0;шт;12880; 0,00;ПС-0101063;ИП Храмов Сергей Александрович
5637269589;RUB;30.12.2020;ХСА2007174;ВН-030538;000000012;TO-1 Renaut Daster 337;0;шт;12880; 0,00;ПС-0101063;ИП Храмов Сергей Александрович
5637269590;RUB;30.12.2020;303;ВН-030539;000000186;"Оформление ГТД
";0;шт;7644,6; 0,00;ПС-0034929;"ООО ""Центр внешнеэкономических технологий"""
5637269591;RUB;29.12.2020;292;ВН-030540;000000186;"Оформление ГТД
";0;шт;14805,4; 0,00;ПС-0034929;"ООО ""Центр внешнеэкономических технологий"""
5637269592;RUB;29.12.2020;294;ВН-030541;000000186;"Оформление ГТД
";0;шт;13069,8; 0,00;ПС-0034929;"ООО ""Центр внешнеэкономических технологий"""
5637269593;RUB;30.12.2020;302;ВН-030542;000000186;"Оформление ГТД
";0;шт;7151,4; 0,00;ПС-0034929;"ООО ""Центр внешнеэкономических технологий"""
5637269594;RUB;25.12.2020;УТ-1298;ВН-030543;101093062;Натр едкий марка РД (раствор);21,48;т;354420; 70 884,00;ПС-0100150;"ООО ""ДИАЛ"""
5637269595;RUB;31.12.2020;12-18477/303;ВН-030544;000000112;Информационные услуги (Общехоз. расходы);0;шт;233,33; 46,67;ПС-0033324;"ООО ""РН-Карт"""
5637269596;RUB;31.12.2020;1282449/12000741;ВН-030545;000000027;Прочие услуги (ЖДЦ);0;шт;1148; 229,60;ПС-0032583;"Самарская дирекция связи Центральной станции связи-филиала ОАО ""РЖД"""
5637269597;RUB;24.12.2020;5;ВН-030546;105095051;Адаптер монтажный 24 мм 32000;200;шт;103200; 20 640,00;ПС-0101052;"ООО ""Техническая Диагностика и Мониторинг"""
5637269598;RUB;24.12.2020;5;ВН-030546;105093987;Колпачок защитный САР-02;200;шт;16800; 3 360,00;ПС-0101052;"ООО ""Техническая Диагностика и Мониторинг"""
5637269599;RUB;30.12.2020;93;ВН-030547;000001301;Вентилятор ВЦ 14-46 №2,5;1;шт;18870; 0,00;ПС-0100183;"ООО ""Венткомплект"""
5637269600;RUB;30.12.2020;Н-0031370;ВН-030548;104097022;Поддон 1200х1000;550;шт;201666,67; 40 333,33;ПС-0100804;"ООО ""Партнерство и результат"""
5637269601;RUB;10.12.2020;0000655/12002437;ВН-030549;000000205;"Подача и уборка вагонов
Перевыставляемые";1;шт;67090,83; 13 418,17;ПС-0030915;"ОАО ""РЖД"""
5637269602;RUB;31.12.2020;0000655/12008622;ВН-030550;000000205;"Транспортные услуги по перевозке грузов 
Перевыставляемые услуги";1;шт;142680; 28 536,00;ПС-0030915;"ОАО ""РЖД"""
5637269603;RUB;31.12.2020;0000655/12009021;ВН-030551;000000205;"Погр./разгрузка 
Перевыставляемые услуги";1;шт;12247,36; 2 449,47;ПС-0030915;"ОАО ""РЖД"""
5637269604;RUB;31.12.2020;0000655/12008627;ВН-030552;000000205;Охрана и сопровождение грузов Перевыставляемые услуги 20%;1;шт;19944; 3 988,80;ПС-0030915;"ОАО ""РЖД"""
5637269605;RUB;10.12.2020;0000655/12002437;ВН-030553;000000032;Услуги по подаче ЖД-вагонов (в ТОННАХ);0;шт;39738,27; 7 947,65;ПС-0030915;"ОАО ""РЖД"""
5637269606;RUB;31.12.2020;125;ВН-030554;000000194;Прочие услуги (штрафы, пени, неустойки);0;шт;2920; 0,00;ПС-0030915;"ОАО ""РЖД"""
5637269607;RUB;31.12.2020;0000655/12009021;ВН-030555;000000032;Услуги по подаче ЖД-вагонов (в ТОННАХ);0;шт;6112,64; 1 222,53;ПС-0030915;"ОАО ""РЖД"""
5637269608;RUB;31.12.2020;0000655/12009032;ВН-030556;000000032;"Выдача сертификатов ключей проверки ЭП 
 Услуги по подаче ЖД-вагонов (в ТОННАХ)";0;шт;11000; 2 200,00;ПС-0030915;"ОАО ""РЖД"""
5637269612;RUB;31.12.2020;608;ВН-030557;10020100003;Корнеплоды сахарной свёклы;165058,198;т;636743135,6; 63 674 313,56;ПС-0000052;"ОАО ""Студенецкий мукомольный завод"""
5637269613;RUB;31.12.2020;366565000078/А;ВН-030558;000000112;Информационные услуги (Общехоз. расходы);0;шт;691,6; 138,32;ПС-0100761;"ООО ""ЛУКОЙЛ-Интер-Кард"""
5637269614;RUB;31.12.2020;KUF0171979;ВН-030559;000000085;Прочие услуги (ОП);0;шт;18106,72; 3 621,35;ПС-0100281;"АО ""ДХЛ Интернешнл"""
5637269615;RUB;30.12.2020;АПР2009619;ВН-030560;000000012;замена масла в АКПП санта фе 390???;0;шт;20856; 0,00;ПС-0100517;"ООО ""Автомастер-Премиум"""
5637269616;RUB;31.12.2020;Т123100002/048004;ВН-030561;000000117;Прочие услуги АУП (ИТР) 20%;0;шт;225; 45,00;ПС-0100877;"АО ""Почта России"""
5637269617;RUB;31.12.2020;4406_Н-0031262;ВКН-001674;000000117;Прочие услуги АУП (ИТР) 20% абонирование  ячейки №27;0;шт;-2796;- 559,20;ПС-0100877;"АО ""Почта России"""
5637269618;RUB;31.12.2020;4406_Н-0031262;ВКН-001674;000000117;Прочие услуги АУП (ИТР) 20%;0;шт;-225;- 45,00;ПС-0100877;"АО ""Почта России"""
5637269619;RUB;31.12.2020;117766;ВН-030562;000000117;Прочие услуги АУП (ИТР) 20%;0;шт;1200; 240,00;ПС-0034326;"ООО ""СТМ"""
5637269620;RUB;31.01.2021;10;ВН-030563;000000097;Услуги охраны собственного имущества;0;шт;834210; 0,00;ПС-0035085;"ООО ЧОО ""Лидер"""
5637269621;RUB;03.01.2021;УТ-2;ВН-030564;101093062;Натр едкий марка РД (раствор);19,5;т;360750; 72 150,00;ПС-0100150;"ООО ""ДИАЛ"""
5637269622;RUB;03.01.2021;УТ-1;ВН-030565;101093062;Натр едкий марка РД (раствор);21,92;т;361680; 72 336,00;ПС-0100150;"ООО ""ДИАЛ"""
5637269623;RUB;23.12.2020;НБ/35707879;ВН-030566;000000117;Прочие услуги АУП (ИТР) 20%;0;шт;14692; 0,00;ПС-0100215;"НОЧУ ОДПО ""Актион-МЦФЭР"""
5637269624;RUB;31.12.2020;Н-0031390;ВН-030567;10300002315;Газ природный - Декабрь 2020;6483,259;тысм3;35146665,5; 7 029 333,10;ПС-0000246;"ООО ""Газпром межрегионгаз Пенза"""
5637269625;RUB;31.12.2020;Н-0031390;ВН-030567;000002141;Газ природный для жомосушки -Декабрь 2020;2130,544;тысм3;11549980,85; 2 309 996,17;ПС-0000246;"ООО ""Газпром межрегионгаз Пенза"""
5637269626;RUB;31.12.2020;Н-0031391;ВН-030568;90100000015;ЭЛЕКТРОЭНЕРГИЯ ПОКУПНАЯ (ТЭЦ);30343;кВтч;162031,62; 32 406,32;ПС-0034614;"ООО ""ТНС Энерго Пенза"""
5637269627;RUB;31.12.2020;1549_Н-0031391;ВКН-001675;90100000015;ЭЛЕКТРОЭНЕРГИЯ ПОКУПНАЯ (ТЭЦ);-30343;кВтч;-162031,62;- 32 406,32;ПС-0034614;"ООО ""ТНС Энерго Пенза"""
5637269628;RUB;31.12.2020;4003/2415/01;ВН-030569;90100000015;ЭЛЕКТРОЭНЕРГИЯ ПОКУПНАЯ (ТЭЦ);30343;кВтч;164446,83; 32 889,37;ПС-0034614;"ООО ""ТНС Энерго Пенза"""
5637269629;RUB;31.12.2020;б/н;ВН-030570;000000010;Прочие услуги (ТС автомобильный парк);0;шт;204,29; 0,00;ПС-0035223;"ООО ""РТИТС"""
5637269630;RUB;28.12.2020;4188;ВН-030571;000000085;Прочие услуги (ОП);0;шт;13000; 0,00;ПС-0034137;ИП Винокурова Анна Владимировна
5637269631;RUB;11.01.2021;4;ВН-030572;000001426;Насос водяной;1;шт;12000; 2 400,00;ПС-0034220;"ООО ""Техно-Снаб"""
5637269632;RUB;30.12.2020;10;ВН-030573;000000197;организация питания;0;шт;47550; 0,00;ПС-0100913;ИП Бойко Татьяна Михайловна
5637269633;RUB;11.01.2021;109;ВН-030574;000000201;"Доставка гипса строительного
";0;шт;27807; 0,00;ПС-0100439;ИП Юдин Олег Петрович
5637269634;RUB;30.12.2020;УТ-1320;ВН-030575;101093062;Натр едкий марка РД (раствор);2,52;т;41580; 8 316,00;ПС-0100150;"ООО ""ДИАЛ"""
5637269635;RUB;30.12.2020;УТ-1320;ВН-030575;101093062;Натр едкий марка РД (раствор);19,46;т;321090; 64 218,00;ПС-0100150;"ООО ""ДИАЛ"""
5637269636;RUB;31.12.2020;5643_Н-0031390;ВКН-001676;10300002315;Газ природный - Декабрь 2020;-6483,259;тысм3;-35146665,5;- 7 029 333,10;ПС-0000246;"ООО ""Газпром межрегионгаз Пенза"""
5637269637;RUB;31.12.2020;5643_Н-0031390;ВКН-001676;000002141;Газ природный для жомосушки -Декабрь 2020;-2130,544;тысм3;-11549980,85;- 2 309 996,17;ПС-0000246;"ООО ""Газпром межрегионгаз Пенза"""
5637269638;УЕ2;25.12.2020;5198;ВН-030576;084098702;Коммутатор 24 (комп);2;шт;2925; 585,00;ПС-0035305;"ООО ""Прима АйТи"""
5637269639;RUB;31.12.2020;45574;ВН-030577;10300002315;Газ природный - Декабрь 2020;6483,259;тысм3;35146665,5; 7 029 333,10;ПС-0000246;"ООО ""Газпром межрегионгаз Пенза"""
5637269640;RUB;31.12.2020;45574;ВН-030577;000002141;Газ природный для жомосушки -Декабрь 2020;2130,544;тысм3;11549966,49; 2 309 993,30;ПС-0000246;"ООО ""Газпром межрегионгаз Пенза"""
5637269641;RUB;21.12.2020;513;ВН-030578;109097969;Плакаты;4;шт;11200; 0,00;ПС-0100414;"ООО ""РЕКЛАМНОЕ АГЕНТСТВО ""БЕЛАЯ ВОРОНА"""
5637269642;RUB;22.12.2020;31043370/003;ВН-030579;000000089;Сертификация, обследование и аттестация оборудования ОП (Второй надзорный аудит ИСМ);0;шт;301625; 60 325,00;ПС-0033187;"АО ""СЖС Восток Лимитед"""
5637269643;RUB;16.12.2020;125;ВН-030580;000000172;"Текущий ремонт зданий и сооружений СГП
по счету № 150
 от 07.12.20г.";0;шт;8166,67; 1 633,33;ПС-0035266;ИП Лямкин Олег Иванович
5637269644;RUB;09.01.2021;1;ВН-030581;000000172;"Текущий ремонт зданий и сооружений СГП
по счёту № 1 от 09.01.21г";0;шт;8833,33; 1 766,67;ПС-0035266;ИП Лямкин Олег Иванович
5637269645;RUB;31.12.2020;111;ВН-030582;000000152;Перевозка груза на территории завода (свеклы, камня);0;шт;972210; 0,00;ПС-0100439;ИП Юдин Олег Петрович
5637269646;RUB;30.12.2020;2603;ВН-030583;105093402;Радиатор;1;шт;11458,34; 2 291,66;ПС-0035732;"ООО ""КОМПАНИЯ КАРСНАБ"""
5637269647;RUB;30.12.2020;2603;ВН-030583;000002153;Бачок расширительный;1;шт;2375; 475,00;ПС-0035732;"ООО ""КОМПАНИЯ КАРСНАБ"""
5637269648;RUB;30.12.2020;2603;ВН-030583;000000287;Патрубок расширительного бачка;1;шт;3283,33; 656,67;ПС-0035732;"ООО ""КОМПАНИЯ КАРСНАБ"""
5637269649;RUB;30.12.2020;2603;ВН-030583;000000287;Патрубок расширительного бачка;1;шт;3178,33; 635,67;ПС-0035732;"ООО ""КОМПАНИЯ КАРСНАБ"""
5637269650;RUB;30.12.2020;2603;ВН-030583;000000287;Патрубок расширительного бачка;1;шт;1469,17; 293,83;ПС-0035732;"ООО ""КОМПАНИЯ КАРСНАБ"""
5637269651;RUB;30.12.2020;2603;ВН-030583;000000287;Патрубок расширительного бачка;1;шт;1402,5; 280,50;ПС-0035732;"ООО ""КОМПАНИЯ КАРСНАБ"""
5637269652;RUB;30.12.2020;2603;ВН-030583;105096797;Колодка клеммная соединительная 10 отверстий 7,7мм;1;шт;8475; 1 695,00;ПС-0035732;"ООО ""КОМПАНИЯ КАРСНАБ"""
5637269653;RUB;30.12.2020;2603;ВН-030583;105093486;Крышка распределителя;1;шт;2150; 430,00;ПС-0035732;"ООО ""КОМПАНИЯ КАРСНАБ"""
5637269654;RUB;30.12.2020;2603;ВН-030583;000001107;Щуп уровня масла;1;шт;4683,33; 936,67;ПС-0035732;"ООО ""КОМПАНИЯ КАРСНАБ"""
5637269655;RUB;30.12.2020;2603;ВН-030583;000002649;Крыльчатка вентилятора;1;шт;1066,67; 213,33;ПС-0035732;"ООО ""КОМПАНИЯ КАРСНАБ"""
5637269656;RUB;30.12.2020;2603;ВН-030583;000002669;Панель обтекателя;1;шт;10098,33; 2 019,67;ПС-0035732;"ООО ""КОМПАНИЯ КАРСНАБ"""
5637269657;RUB;30.12.2020;2603;ВН-030583;000000235;Крышка топливоподкачивающего насоса FP05815;1;шт;5875; 1 175,00;ПС-0035732;"ООО ""КОМПАНИЯ КАРСНАБ"""
5637269658;RUB;02.12.2020;Н-0031411;ВН-030584;000003463;Сооружение (Железная дорога);1;шт;54888333,33; 10 977 666,67;ПС-0033471;"ЗАО ""Тбилисский сахарный завод """
5637269659;EUR;31.12.2020;Н-0031412;ВН-030585;000000090;Лабораторные исследования жома;0;шт;96,5; 0,00;ПС-0101024;LABORATOIRE PHYTOCONTROL SAS (налог. агент)
5637269660;EUR;31.12.2020;Н-0031413;ВН-030586;000000090;Лабораторные исследования жома;0;шт;101,5; 0,00;ПС-0101024;LABORATOIRE PHYTOCONTROL SAS (налог. агент)
5637269661;EUR;31.12.2020;Н-0031414;ВН-030587;000000090;"Анализы, исследования, экспертизы ОП
Счет от Еврофинс на 505,20 евро";0;шт;505,2; 0,00;ПС-0101059;Eurofins Analytik GmbH (нал. агент)
5637269662;RUB;31.12.2020;366565000077/Н;ВН-030588;103100440;Дизельное Топливо;603,88;л;23633,51; 4 726,70;ПС-0100761;"ООО ""ЛУКОЙЛ-Интер-Кард"""
5637269663;RUB;31.12.2020;366565000077/Н;ВН-030588;103103228;Бензин АИ-92;277,9;л;10099,35; 2 019,87;ПС-0100761;"ООО ""ЛУКОЙЛ-Интер-Кард"""
5637269664;RUB;31.12.2020;366565000077/Н;ВН-030588;103105512;Бензин АИ-95;605,41;л;23900,52; 4 780,11;ПС-0100761;"ООО ""ЛУКОЙЛ-Интер-Кард"""
5637269665;RUB;28.12.2020;2;ВН-030589;000000063;Изготовление и монтаж площадок обслуживания;0;шт;875000; 175 000,00;ПС-0100413;"ООО ""СтройКомплект"""
5637269666;RUB;14.01.2021;б/н.;ВН-030590;000000127;Прочие услуги (ЖКХ) текущий ремонт г.Каменка, ул.Дружбы,8б-16 лиц.счет 23616;0;шт;846,18; 0,00;ПС-0035545;"ТСЖ ""Сахарник"""
5637269667;RUB;14.01.2021;б/н;ВН-030591;000000127;Прочие услуги (ЖКХ) кап.ремонт г.Каменка, ул.Дружбы,8б-16 лиц.счет 23616;0;шт;810,35; 0,00;ПС-0035545;"ТСЖ ""Сахарник"""
5637269668;RUB;07.01.2021;Н-0031419;ВН-030592;000000118;Прочие услуги АУП(ИТР)10% за авиабилет Пенза-Москва;0;шт;11613,64; 1 161,36;ПС-0100911;"ООО ""Миллениум - командировочные решения"""
5637269669;RUB;07.01.2021;Н-0031419;ВН-030592;000000117;Прочие услуги АУП (ИТР) 20% сервисный сбор за а/билет;0;шт;250; 50,00;ПС-0100911;"ООО ""Миллениум - командировочные решения"""
5637269670;RUB;05.12.2020;196;ВН-030593;000000190;"Услуги железной дороги (внешние, жом) без НДС (ЖДЦ)
по счёту № 34 от 23.09.20г.";0;шт;1787499; 0,00;ПС-0101025;"ООО ""СКАТ-ФОРВАРД"""
5637269671;RUB;28.12.2020;Н-0031421;ВН-030594;000000001;Союзпроект. Договор ТО11-20. РД на монтаж подогревателя 250.;0;шт;80000; 0,00;ПС-0033776;"ООО ""Союзпроект"""
5637269672;RUB;31.12.2020;12-18474/303;ВН-030595;103103228;Бензин АИ-92;205;л;7428,75; 1 485,75;ПС-0033324;"ООО ""РН-Карт"""
5637269673;RUB;31.12.2020;12-18474/303;ВН-030595;103105512;Бензин АИ-95;1768,63;л;68392,66; 13 678,53;ПС-0033324;"ООО ""РН-Карт"""
5637269674;RUB;22.12.2020;200630006;ВН-030596;000000123;Услуги ИТ;0;шт;2818; 0,00;ПС-0034246;"ООО ""Алгоритм-Проф"""
5637269675;RUB;22.12.2020;200831002;ВН-030597;000000123;Услуги ИТ;0;шт;2818; 0,00;ПС-0034246;"ООО ""Алгоритм-Проф"""
5637269676;RUB;22.12.2020;200930003;ВН-030598;000000123;Услуги ИТ;0;шт;2818; 0,00;ПС-0034246;"ООО ""Алгоритм-Проф"""
5637269677;RUB;22.12.2020;200430013;ВН-030599;000000123;Услуги ИТ;0;шт;2818; 0,00;ПС-0034246;"ООО ""Алгоритм-Проф"""
5637269678;RUB;22.12.2020;201031002;ВН-030600;000000123;Услуги ИТ;0;шт;2818; 0,00;ПС-0034246;"ООО ""Алгоритм-Проф"""
5637269679;RUB;22.12.2020;200531009;ВН-030601;000000123;Услуги ИТ;0;шт;2818; 0,00;ПС-0034246;"ООО ""Алгоритм-Проф"""
5637269680;RUB;22.12.2020;200731006;ВН-030602;000000123;Услуги ИТ;0;шт;2818; 0,00;ПС-0034246;"ООО ""Алгоритм-Проф"""
5637269681;RUB;22.12.2020;201130002;ВН-030603;000000123;Услуги ИТ;0;шт;2818; 0,00;ПС-0034246;"ООО ""Алгоритм-Проф"""
5637269682;RUB;11.01.2021;2;ВН-030604;108093411;Пиломатериал;3;м3;19500; 0,00;ПС-0001616;ИП Барыкин Александр Сергеевич
5637269683;RUB;11.01.2021;2;ВН-030604;101094333;Фанера;5;шт;4000; 0,00;ПС-0001616;ИП Барыкин Александр Сергеевич
5637269684;RUB;11.01.2021;4;ВН-030605;108093411;Пиломатериал;3;м3;19500; 0,00;ПС-0001616;ИП Барыкин Александр Сергеевич
5637269685;RUB;11.01.2021;4;ВН-030605;108095750;Цементно-стружечная плита/ДСП-ДВП;50;шт;16000; 0,00;ПС-0001616;ИП Барыкин Александр Сергеевич
5637269686;RUB;11.01.2021;4;ВН-030605;000000469;Гвозди;4;кг;260; 0,00;ПС-0001616;ИП Барыкин Александр Сергеевич
5637269687;RUB;11.01.2021;1;ВН-030606;109094166;Удлинитель;1;шт;180; 0,00;ПС-0001616;ИП Барыкин Александр Сергеевич
5637269688;RUB;11.01.2021;1;ВН-030606;101093465;Пена монтажная;16;шт;5840; 0,00;ПС-0001616;ИП Барыкин Александр Сергеевич
5637269689;RUB;11.01.2021;1;ВН-030606;108095750;Цементно-стружечная плита/ДСП-ДВП;40;шт;12800; 0,00;ПС-0001616;ИП Барыкин Александр Сергеевич
5637269690;RUB;11.01.2021;1;ВН-030606;108093411;Пиломатериал;1;м3;6500; 0,00;ПС-0001616;ИП Барыкин Александр Сергеевич
5637269691;RUB;11.01.2021;1;ВН-030606;101093638;Электроды МР 4мм;15;кг;2520; 0,00;ПС-0001616;ИП Барыкин Александр Сергеевич
5637269692;RUB;11.01.2021;1;ВН-030606;109005404;Лента липучая(скотч);28;шт;1800; 0,00;ПС-0001616;ИП Барыкин Александр Сергеевич
5637269693;EUR;28.12.2020;Н-0031437;ВН-030607;000000002;ICCE. Договор 32/19 от 27.12.2019. Реконструкция грануляции;0;шт;7362; 0,00;ПС-0100095;Компания ICCE D.O.O. (нал. агент)
5637269694;RUB;28.12.2020;Н-0031438;ВН-030608;000000054;Диэлектрические перчатки;0;шт;10800; 0,00;ПС-0032883;ИП Муллин Андрей Александрович
5637269695;EUR;28.12.2020;Н-0031439;ВН-030609;000000002;ICCE. Договор подряда 29/19 от 27.12.2019. Надзор за подключением оборудования мойки и насосной;0;шт;11638; 0,00;ПС-0100095;Компания ICCE D.O.O. (нал. агент)
5637269696;RUB;11.01.2021;20;ВН-030610;109094383;Пистолет;2;шт;2340; 0,00;ПС-0001616;ИП Барыкин Александр Сергеевич
5637269697;RUB;11.01.2021;20;ВН-030610;101093465;Пена монтажная;12;шт;4120; 0,00;ПС-0001616;ИП Барыкин Александр Сергеевич
5637269698;RUB;11.01.2021;20;ВН-030610;109094069;Молоток;2;шт;380; 0,00;ПС-0001616;ИП Барыкин Александр Сергеевич
5637269699;RUB;11.01.2021;20;ВН-030610;105097525;Кран шаровый DN15;1;шт;145; 0,00;ПС-0001616;ИП Барыкин Александр Сергеевич
5637269700;RUB;11.01.2021;20;ВН-030610;105095681;Вентиль;1;шт;210; 0,00;ПС-0001616;ИП Барыкин Александр Сергеевич
5637269701;RUB;31.12.2020;330;ВН-030611;103195481;Газ пропан сжиженный для погрузчика;645,35;л;16133,75; 0,00;ПС-0034806;"ООО""Навигатор-2000"""
5637269702;RUB;02.12.2020;4906_Н-0031411;ВКН-001677;000003463;Сооружение (Железная дорога);-1;шт;-54888333,33;- 10 977 666,67;ПС-0033471;"ЗАО ""Тбилисский сахарный завод """
5637269703;RUB;31.12.2020;731;ВН-030612;000000083;Разработка отчета по оценке воздействия дефеката;0;шт;204000; 0,00;ПС-0101045;"ООО ""Экология и Экспертиза"""
5637269704;RUB;13.01.2021;Н-0031443;ВН-030613;109003000;Очки защитные (дор.);30;шт;10425; 2 085,00;ПС-0100068;" ТП АО ""ТД ТРАКТ"""
5637269705;RUB;13.01.2021;Н-0031443;ВН-030613;109095198;Очки защитные;70;шт;10325; 2 065,00;ПС-0100068;" ТП АО ""ТД ТРАКТ"""
5637269706;RUB;13.01.2021;Н-0031443;ВН-030613;109110012;Сапоги сварщика утепленные;1;пар;2592; 518,40;ПС-0100068;" ТП АО ""ТД ТРАКТ"""
5637269707;RUB;13.01.2021;Н-0031443;ВН-030613;109110012;Сапоги сварщика утепленные;4;пар;10368; 2 073,60;ПС-0100068;" ТП АО ""ТД ТРАКТ"""
5637269708;RUB;13.01.2021;Н-0031443;ВН-030613;109110012;Сапоги сварщика утепленные;5;пар;12960; 2 592,00;ПС-0100068;" ТП АО ""ТД ТРАКТ"""
5637269709;RUB;13.01.2021;Н-0031443;ВН-030613;109110012;Сапоги сварщика утепленные;3;пар;7776; 1 555,20;ПС-0100068;" ТП АО ""ТД ТРАКТ"""
5637269710;RUB;13.01.2021;Н-0031443;ВН-030613;109110012;Сапоги сварщика утепленные;1;пар;2592; 518,40;ПС-0100068;" ТП АО ""ТД ТРАКТ"""
5637269711;RUB;13.01.2021;Н-0031443;ВН-030613;109110012;Сапоги сварщика утепленные;1;пар;2592; 518,40;ПС-0100068;" ТП АО ""ТД ТРАКТ"""
5637269712;RUB;13.01.2021;Н-0031444;ВН-030614;109093265;Перчатки с полимерным покрытием;1000;пар;16500; 3 300,00;ПС-0100068;" ТП АО ""ТД ТРАКТ"""
5637269713;RUB;13.01.2021;Н-0031444;ВН-030614;109099352;Перчатки химкостойкие;600;пар;31200; 6 240,00;ПС-0100068;" ТП АО ""ТД ТРАКТ"""
5637269714;RUB;31.12.2020;330.;ВН-030615;105095681;Вентиль;2;шт;900; 0,00;ПС-0034806;"ООО""Навигатор-2000"""
5637269715;RUB;31.12.2020;607;ВН-030616;000000083;Оборот отходов (Очистка полей фильтрации);0;шт;320000; 0,00;ПС-0101045;"ООО ""Экология и Экспертиза"""
5637269716;RUB;05.12.2020;104;ВН-030617;000000197;Прочие услуги (неучитываемые в целях налогообложения);0;шт;5841,5; 1 168,30;ПС-0101025;"ООО ""СКАТ-ФОРВАРД"""
5637269717;RUB;01.12.2020;5543;ВН-030618;000000174;Ремонт Маниту 1435 г\н9095;0;шт;6150; 1 230,00;ПС-0034220;"ООО ""Техно-Снаб"""
5637269718;RUB;28.12.2020;688/1;ВН-030619;101093062;Натр едкий марка РД (раствор);21,7;т;423150; 84 630,00;ПС-0100641;"ООО ""Химпродвижение"""
5637269719;RUB;28.12.2020;764;ВН-030620;101093062;Натр едкий марка РД (раствор);22,38;т;391650; 78 330,00;ПС-0100641;"ООО ""Химпродвижение"""
5637269720;RUB;02.12.2020;Н-0031451;ВН-030621;000003463;Сооружение (Железная дорога);1;шт;540176,59; 108 035,32;ПС-0033471;"ЗАО ""Тбилисский сахарный завод """
5637269721;RUB;02.12.2020;Н-0031451;ВН-030621;000003463;Сооружение (Железная дорога);1;шт;540176,59; 108 035,32;ПС-0033471;"ЗАО ""Тбилисский сахарный завод """
5637269722;RUB;02.12.2020;Н-0031451;ВН-030621;000003463;Сооружение (Железная дорога);1;шт;540176,59; 108 035,32;ПС-0033471;"ЗАО ""Тбилисский сахарный завод """
5637269723;RUB;02.12.2020;Н-0031451;ВН-030621;000003463;Сооружение (Железная дорога);1;шт;540176,59; 108 035,32;ПС-0033471;"ЗАО ""Тбилисский сахарный завод """
5637269724;RUB;02.12.2020;Н-0031451;ВН-030621;000003463;Сооружение (Железная дорога);1;шт;540176,59; 108 035,32;ПС-0033471;"ЗАО ""Тбилисский сахарный завод """
5637269725;RUB;02.12.2020;Н-0031451;ВН-030621;000003463;Сооружение (Железная дорога);1;шт;500094,61; 100 018,92;ПС-0033471;"ЗАО ""Тбилисский сахарный завод """
5637269726;RUB;02.12.2020;Н-0031451;ВН-030621;000003463;Сооружение (Железная дорога);1;шт;11328186,46; 2 265 637,29;ПС-0033471;"ЗАО ""Тбилисский сахарный завод """
5637269727;RUB;02.12.2020;Н-0031451;ВН-030621;000003463;Сооружение (Железная дорога);1;шт;170302,82; 34 060,56;ПС-0033471;"ЗАО ""Тбилисский сахарный завод """
5637269728;RUB;02.12.2020;Н-0031451;ВН-030621;000003463;Сооружение (Железная дорога);1;шт;7520622,74; 1 504 124,55;ПС-0033471;"ЗАО ""Тбилисский сахарный завод """
5637269729;RUB;02.12.2020;Н-0031451;ВН-030621;000003463;Сооружение (Железная дорога);1;шт;1038611,68; 207 722,34;ПС-0033471;"ЗАО ""Тбилисский сахарный завод """
5637269730;RUB;02.12.2020;Н-0031451;ВН-030621;000003463;Сооружение (Железная дорога);1;шт;2822007,47; 564 401,49;ПС-0033471;"ЗАО ""Тбилисский сахарный завод """
5637269731;RUB;02.12.2020;Н-0031451;ВН-030621;000003463;Сооружение (Железная дорога);1;шт;540176,59; 108 035,32;ПС-0033471;"ЗАО ""Тбилисский сахарный завод """
5637269732;RUB;02.12.2020;Н-0031451;ВН-030621;000003463;Сооружение (Железная дорога);1;шт;540176,59; 108 035,32;ПС-0033471;"ЗАО ""Тбилисский сахарный завод """
5637269733;RUB;02.12.2020;Н-0031451;ВН-030621;000003463;Сооружение (Железная дорога);1;шт;4874042,07; 974 808,41;ПС-0033471;"ЗАО ""Тбилисский сахарный завод """
5637269734;RUB;02.12.2020;Н-0031451;ВН-030621;000003463;Сооружение (Железная дорога);1;шт;4288676,92; 857 735,39;ПС-0033471;"ЗАО ""Тбилисский сахарный завод """
5637269735;RUB;02.12.2020;Н-0031451;ВН-030621;000003463;Сооружение (Железная дорога);1;шт;1344890,42; 268 978,09;ПС-0033471;"ЗАО ""Тбилисский сахарный завод """
5637269736;RUB;02.12.2020;Н-0031451;ВН-030621;000003463;Сооружение (Железная дорога);1;шт;500094,61; 100 018,92;ПС-0033471;"ЗАО ""Тбилисский сахарный завод """
5637269737;RUB;02.12.2020;Н-0031451;ВН-030621;000003463;Сооружение (Железная дорога);1;шт;500094,61; 100 018,92;ПС-0033471;"ЗАО ""Тбилисский сахарный завод """
5637269738;RUB;02.12.2020;Н-0031451;ВН-030621;000003463;Сооружение (Железная дорога);1;шт;500094,61; 100 018,92;ПС-0033471;"ЗАО ""Тбилисский сахарный завод """
5637269739;RUB;02.12.2020;Н-0031451;ВН-030621;000003463;Сооружение (Железная дорога);1;шт;500094,61; 100 018,92;ПС-0033471;"ЗАО ""Тбилисский сахарный завод """
5637269740;RUB;02.12.2020;Н-0031451;ВН-030621;000003463;Сооружение (Железная дорога);1;шт;13638835,79; 2 727 767,15;ПС-0033471;"ЗАО ""Тбилисский сахарный завод """
5637269741;RUB;02.12.2020;Н-0031451;ВН-030621;000003463;Сооружение (Железная дорога);1;шт;540176,59; 108 035,32;ПС-0033471;"ЗАО ""Тбилисский сахарный завод """
5637269742;RUB;02.12.2020;Н-0031451;ВН-030621;000003463;Сооружение (Железная дорога);1;шт;540176,58; 108 035,32;ПС-0033471;"ЗАО ""Тбилисский сахарный завод """
5637269743;RUB;02.12.2020;Н-0031451;ВН-030621;000003463;Сооружение (Железная дорога);1;шт;500094,61; 100 018,92;ПС-0033471;"ЗАО ""Тбилисский сахарный завод """
5637269744;RUB;02.12.2020;5627_Н-0031451;ВКН-001678;000003463;Сооружение (Железная дорога);-1;шт;-540176,59;- 108 035,32;ПС-0033471;"ЗАО ""Тбилисский сахарный завод """
5637269745;RUB;02.12.2020;5627_Н-0031451;ВКН-001678;000003463;Сооружение (Железная дорога);-1;шт;-540176,59;- 108 035,32;ПС-0033471;"ЗАО ""Тбилисский сахарный завод """
5637269746;RUB;02.12.2020;5627_Н-0031451;ВКН-001678;000003463;Сооружение (Железная дорога);-1;шт;-540176,59;- 108 035,32;ПС-0033471;"ЗАО ""Тбилисский сахарный завод """
5637269747;RUB;02.12.2020;5627_Н-0031451;ВКН-001678;000003463;Сооружение (Железная дорога);-1;шт;-540176,59;- 108 035,32;ПС-0033471;"ЗАО ""Тбилисский сахарный завод """
5637269748;RUB;02.12.2020;5627_Н-0031451;ВКН-001678;000003463;Сооружение (Железная дорога);-1;шт;-540176,59;- 108 035,32;ПС-0033471;"ЗАО ""Тбилисский сахарный завод """
5637269749;RUB;02.12.2020;5627_Н-0031451;ВКН-001678;000003463;Сооружение (Железная дорога);-1;шт;-500094,61;- 100 018,92;ПС-0033471;"ЗАО ""Тбилисский сахарный завод """
5637269750;RUB;02.12.2020;5627_Н-0031451;ВКН-001678;000003463;Сооружение (Железная дорога);-1;шт;-11328186,46;- 2 265 637,29;ПС-0033471;"ЗАО ""Тбилисский сахарный завод """
5637269751;RUB;02.12.2020;5627_Н-0031451;ВКН-001678;000003463;Сооружение (Железная дорога);-1;шт;-170302,82;- 34 060,56;ПС-0033471;"ЗАО ""Тбилисский сахарный завод """
5637269752;RUB;02.12.2020;5627_Н-0031451;ВКН-001678;000003463;Сооружение (Железная дорога);-1;шт;-7520622,74;- 1 504 124,55;ПС-0033471;"ЗАО ""Тбилисский сахарный завод """
5637269753;RUB;02.12.2020;5627_Н-0031451;ВКН-001678;000003463;Сооружение (Железная дорога);-1;шт;-1038611,68;- 207 722,34;ПС-0033471;"ЗАО ""Тбилисский сахарный завод """
5637269754;RUB;02.12.2020;5627_Н-0031451;ВКН-001678;000003463;Сооружение (Железная дорога);-1;шт;-2822007,47;- 564 401,49;ПС-0033471;"ЗАО ""Тбилисский сахарный завод """
5637269755;RUB;02.12.2020;5627_Н-0031451;ВКН-001678;000003463;Сооружение (Железная дорога);-1;шт;-540176,59;- 108 035,32;ПС-0033471;"ЗАО ""Тбилисский сахарный завод """
5637269756;RUB;02.12.2020;5627_Н-0031451;ВКН-001678;000003463;Сооружение (Железная дорога);-1;шт;-540176,59;- 108 035,32;ПС-0033471;"ЗАО ""Тбилисский сахарный завод """
5637269757;RUB;02.12.2020;5627_Н-0031451;ВКН-001678;000003463;Сооружение (Железная дорога);-1;шт;-4874042,07;- 974 808,41;ПС-0033471;"ЗАО ""Тбилисский сахарный завод """
5637269758;RUB;02.12.2020;5627_Н-0031451;ВКН-001678;000003463;Сооружение (Железная дорога);-1;шт;-4288676,92;- 857 735,39;ПС-0033471;"ЗАО ""Тбилисский сахарный завод """
5637269759;RUB;02.12.2020;5627_Н-0031451;ВКН-001678;000003463;Сооружение (Железная дорога);-1;шт;-1344890,42;- 268 978,09;ПС-0033471;"ЗАО ""Тбилисский сахарный завод """
5637269760;RUB;02.12.2020;5627_Н-0031451;ВКН-001678;000003463;Сооружение (Железная дорога);-1;шт;-500094,61;- 100 018,92;ПС-0033471;"ЗАО ""Тбилисский сахарный завод """
5637269761;RUB;02.12.2020;5627_Н-0031451;ВКН-001678;000003463;Сооружение (Железная дорога);-1;шт;-500094,61;- 100 018,92;ПС-0033471;"ЗАО ""Тбилисский сахарный завод """
5637269762;RUB;02.12.2020;5627_Н-0031451;ВКН-001678;000003463;Сооружение (Железная дорога);-1;шт;-500094,61;- 100 018,92;ПС-0033471;"ЗАО ""Тбилисский сахарный завод """
5637269763;RUB;02.12.2020;5627_Н-0031451;ВКН-001678;000003463;Сооружение (Железная дорога);-1;шт;-500094,61;- 100 018,92;ПС-0033471;"ЗАО ""Тбилисский сахарный завод """
5637269764;RUB;02.12.2020;5627_Н-0031451;ВКН-001678;000003463;Сооружение (Железная дорога);-1;шт;-13638835,79;- 2 727 767,15;ПС-0033471;"ЗАО ""Тбилисский сахарный завод """
5637269765;RUB;02.12.2020;5627_Н-0031451;ВКН-001678;000003463;Сооружение (Железная дорога);-1;шт;-540176,59;- 108 035,32;ПС-0033471;"ЗАО ""Тбилисский сахарный завод """
5637269766;RUB;02.12.2020;5627_Н-0031451;ВКН-001678;000003463;Сооружение (Железная дорога);-1;шт;-540176,58;- 108 035,32;ПС-0033471;"ЗАО ""Тбилисский сахарный завод """
5637269767;RUB;02.12.2020;5627_Н-0031451;ВКН-001678;000003463;Сооружение (Железная дорога);-1;шт;-500094,61;- 100 018,92;ПС-0033471;"ЗАО ""Тбилисский сахарный завод """
5637269768;RUB;31.12.2020;331;ВН-030622;105095681;Вентиль;1;шт;450; 0,00;ПС-0034806;"ООО""Навигатор-2000"""
5637269769;RUB;31.12.2020;331;ВН-030622;101093361;Газ пропан сжиженный;429,48;л;10737; 0,00;ПС-0034806;"ООО""Навигатор-2000"""
5637269770;RUB;13.01.2021;АМЗН000007;ВН-030623;000000024;ремонт DL-250???;0;шт;6000; 0,00;ПС-0030027;ИП Карамышев Рашид Хасанович
5637269771;RUB;12.01.2021;АМЗН000008;ВН-030624;000000024;ремонт DL-250???;0;шт;5600; 0,00;ПС-0030027;ИП Карамышев Рашид Хасанович
5637269772;RUB;12.01.2021;АМЗН000010;ВН-030625;000000024;ремонт JD-318???;0;шт;1000; 0,00;ПС-0030027;ИП Карамышев Рашид Хасанович
5637269773;RUB;13.01.2021;АМЗН000009;ВН-030626;000000024;ремонт JD-318???;0;шт;1100; 0,00;ПС-0030027;ИП Карамышев Рашид Хасанович
5637269774;RUB;02.12.2020;НТП000013;ВН-030627;000003463;Сооружение (Железная дорога);1;шт;540176,59; 108 035,32;ПС-0033471;"ЗАО ""Тбилисский сахарный завод """
5637269775;RUB;02.12.2020;НПТ000015;ВН-030628;000003463;Сооружение (Железная дорога);1;шт;540176,59; 108 035,32;ПС-0033471;"ЗАО ""Тбилисский сахарный завод """
5637269776;RUB;02.12.2020;НПТ000012;ВН-030629;000003463;Сооружение (Железная дорога);1;шт;540176,59; 108 035,32;ПС-0033471;"ЗАО ""Тбилисский сахарный завод """
5637269777;RUB;02.12.2020;НПТ000018;ВН-030630;000003463;Сооружение (Железная дорога);1;шт;540176,59; 108 035,32;ПС-0033471;"ЗАО ""Тбилисский сахарный завод """
5637269778;RUB;02.12.2020;НПТ000016;ВН-030631;000003463;Сооружение (Железная дорога);1;шт;540176,59; 108 035,32;ПС-0033471;"ЗАО ""Тбилисский сахарный завод """
5637269779;RUB;02.12.2020;НПТ000029;ВН-030632;000003463;Сооружение (Железная дорога);1;шт;500094,61; 100 018,92;ПС-0033471;"ЗАО ""Тбилисский сахарный завод """
5637269780;RUB;02.12.2020;НПТ000033;ВН-030633;000003463;Сооружение (Железная дорога);1;шт;11328186,46; 2 265 637,29;ПС-0033471;"ЗАО ""Тбилисский сахарный завод """
5637269781;RUB;02.12.2020;НПТ000036;ВН-030634;000003463;Сооружение (Железная дорога);1;шт;170302,82; 34 060,56;ПС-0033471;"ЗАО ""Тбилисский сахарный завод """
5637269782;RUB;02.12.2020;НПТ000037;ВН-030635;000003463;Сооружение (Железная дорога);1;шт;7520622,74; 1 504 124,55;ПС-0033471;"ЗАО ""Тбилисский сахарный завод """
5637269783;RUB;02.12.2020;НПТ000038;ВН-030636;000003463;Сооружение (Железная дорога);1;шт;1038611,68; 207 722,34;ПС-0033471;"ЗАО ""Тбилисский сахарный завод """
5637269784;RUB;02.12.2020;НПТ000039;ВН-030637;000003463;Сооружение (Железная дорога);1;шт;2822007,47; 564 401,49;ПС-0033471;"ЗАО ""Тбилисский сахарный завод """
5637269785;RUB;02.12.2020;НПТ000040;ВН-030638;000003463;Сооружение (Железная дорога);1;шт;540176,59; 108 035,32;ПС-0033471;"ЗАО ""Тбилисский сахарный завод """
5637269786;RUB;02.12.2020;НПТ000041;ВН-030639;000003463;Сооружение (Железная дорога);1;шт;540176,59; 108 035,32;ПС-0033471;"ЗАО ""Тбилисский сахарный завод """
5637269787;RUB;02.12.2020;НПТ000042;ВН-030640;000003463;Сооружение (Железная дорога);1;шт;4874042,07; 974 808,41;ПС-0033471;"ЗАО ""Тбилисский сахарный завод """
5637269788;RUB;02.12.2020;НПТ000043;ВН-030641;000003463;Сооружение (Железная дорога);1;шт;4288676,92; 857 735,39;ПС-0033471;"ЗАО ""Тбилисский сахарный завод """
5637269789;RUB;02.12.2020;НПТ000044;ВН-030642;000003463;Сооружение (Железная дорога);1;шт;1344890,42; 268 978,09;ПС-0033471;"ЗАО ""Тбилисский сахарный завод """
5637269790;RUB;02.12.2020;НПТ000030;ВН-030643;000003463;Сооружение (Железная дорога);1;шт;500094,61; 100 018,92;ПС-0033471;"ЗАО ""Тбилисский сахарный завод """
5637269791;RUB;02.12.2020;НПТ000048;ВН-030644;000003463;Сооружение (Железная дорога);1;шт;500094,61; 100 018,92;ПС-0033471;"ЗАО ""Тбилисский сахарный завод """
5637269792;RUB;02.12.2020;НПТ000047;ВН-030645;000003463;Сооружение (Железная дорога);1;шт;500094,61; 100 018,92;ПС-0033471;"ЗАО ""Тбилисский сахарный завод """
5637269793;RUB;02.12.2020;НПТ000045;ВН-030646;000003463;Сооружение (Железная дорога);1;шт;500094,61; 100 018,92;ПС-0033471;"ЗАО ""Тбилисский сахарный завод """
5637269794;RUB;02.12.2020;НПТ000049;ВН-030647;000003463;Сооружение (Железная дорога);1;шт;13638835,78; 2 727 767,16;ПС-0033471;"ЗАО ""Тбилисский сахарный завод """
5637269795;RUB;02.12.2020;НТП000050;ВН-030648;000003463;Сооружение (Железная дорога);1;шт;540176,59; 108 035,32;ПС-0033471;"ЗАО ""Тбилисский сахарный завод """
5637269796;RUB;02.12.2020;НПТ000051;ВН-030649;000003463;Сооружение (Железная дорога);1;шт;540176,58; 108 035,32;ПС-0033471;"ЗАО ""Тбилисский сахарный завод """
5637269797;RUB;12.01.2021;2;ВН-030650;104097020;"Пакет бумажный 1 кг ""Услад""";1000800;шт;867360; 173 472,00;ПС-0100639;"ООО ТД ""ЮПП"""
5637269799;RUB;30.12.2020;Н-0031482;ВН-030651;000000172;Текущий ремонт зданий и сооружений СГП;0;шт;8750; 1 750,00;ПС-0035266;ИП Лямкин Олег Иванович
5637269800;RUB;30.12.2020;Н-0031483;ВН-030652;000000172;Текущий ремонт зданий и сооружений СГП;0;шт;8750; 1 750,00;ПС-0035266;ИП Лямкин Олег Иванович
5637269801;RUB;01.12.2020;Н-0031484;ВН-030653;000000172;"Текущий ремонт зданий и сооружений СГП
по счёту № 151 от 17.12.20г.";0;шт;8166,67; 1 633,33;ПС-0035266;ИП Лямкин Олег Иванович
5637269802;RUB;21.12.2020;Н-0031485;ВН-030654;000000172;Текущий ремонт зданий и сооружений СГП;0;шт;8166,67; 1 633,33;ПС-0035266;ИП Лямкин Олег Иванович
5637269803;RUB;30.12.2020;Н-0031486;ВН-030655;000000172;Текущий ремонт зданий и сооружений СГП;0;шт;8166,67; 1 633,33;ПС-0035266;ИП Лямкин Олег Иванович
5637269804;RUB;30.12.2020;Н-0031487;ВН-030656;000000172;Текущий ремонт зданий и сооружений СГП;0;шт;8166,67; 1 633,33;ПС-0035266;ИП Лямкин Олег Иванович
5637269805;RUB;30.12.2020;Н-0031488;ВН-030657;000000172;Текущий ремонт зданий и сооружений СГП;0;шт;8166,67; 1 633,33;ПС-0035266;ИП Лямкин Олег Иванович
5637269806;RUB;13.01.2021;Н-0031489;ВН-030658;000000172;"Текущий ремонт зданий и сооружений СГП
счёт № 4 от 13.01.21г.";0;шт;8833,33; 1 766,67;ПС-0035266;ИП Лямкин Олег Иванович
5637269807;RUB;30.12.2020;648;ВН-030659;000000042;услуги по производству и монтажу металлических конструкций;0;шт;188000; 0,00;ПС-0035785;ИП Боталов Николай Иванович
5637269808;RUB;04.12.2020;965;ВН-030660;000000201;Накладные расходы (доставка, хранение и пр.);0;шт;10800; 0,00;ПС-0100187;ИП Сушкова Наталья Валентиновна
5637269809;RUB;02.12.2020;НПТ000046;ВН-030661;000003463;Сооружение (Железная дорога);1;шт;500094,61; 100 018,92;ПС-0033471;"ЗАО ""Тбилисский сахарный завод """
5637269810;RUB;31.12.2020;FOSS/0010421/0035340;ВН-030662;000000123;Услуги ИТ;0;шт;1945,96; 389,19;ПС-0035383;"ПАО ""МТС"""
5637269811;RUB;29.12.2020;Н-0031495;ВН-030663;000000001;Дополнительные работы по монтажу подогревателя;0;шт;203600; 40 720,00;ПС-0100413;"ООО ""СтройКомплект"""
5637269812;RUB;29.12.2020;Н-0031496;ВН-030664;000000002;Реконструкция жомопрессового отделения;0;шт;985500; 197 100,00;ПС-0100413;"ООО ""СтройКомплект"""
5637269813;RUB;29.12.2020;Н-0031497;ВН-030665;000000001;строительство бака сиропа №2;0;шт;1167000; 233 400,00;ПС-0100413;"ООО ""СтройКомплект"""
5637269814;RUB;31.12.2020;4-4-2020;ВН-030666;000000123;Услуги ИТ;0;шт;28501,52; 0,00;ПС-0100580;ИП Колесников Антон Петрович
5637269815;RUB;31.12.2020;883;ВН-030667;000000123;Услуги ИТ;0;шт;115350; 23 070,00;ПС-0100048;"АО ""Колумбус"""
5637269816;RUB;31.12.2020;883;ВН-030667;000000123;Услуги ИТ;0;шт;115350; 23 070,00;ПС-0100048;"АО ""Колумбус"""
5637269817;RUB;05.01.2021;0000655/01000214;ВН-030668;000000205;"Транспортные услуги по перевозке грузов 
Перевыставляемые услуги";1;шт;328080; 65 616,00;ПС-0030915;"ОАО ""РЖД"""
5637269818;RUB;05.01.2021;0000655/01000509;ВН-030669;000000205;"Погрузка/разгрузка 
Перевыставляемые услуги";1;шт;13464; 2 692,80;ПС-0030915;"ОАО ""РЖД"""
5637269819;RUB;05.01.2021;0000655/01000220;ВН-030670;000000205;Охрана и сопровождение грузов Перевыставляемые услуги;1;шт;29087; 5 817,40;ПС-0030915;"ОАО ""РЖД"""
5637269820;RUB;31.12.2020;189;ВН-030671;000000123;Услуги ИТ;0;шт;10200; 0,00;ПС-0100340;ИП Милешин Алексей Анатольевич
5637269821;RUB;31.12.2020;0219890;ВН-030672;000000117;Прочие услуги АУП (ИТР) 20%;0;шт;1800000; 360 000,00;ПС-0032098;"ООО ""СДС"""
5637269822;RUB;11.01.2021;110;ВН-030673;000000168;"Услуги перевозчика СГП (рейс)
акт № 110 от 11.01.21г.";0;шт;775000,8; 0,00;ПС-0100439;ИП Юдин Олег Петрович
5637269823;RUB;31.01.2021;50;ВН-030674;000000127;Прочие услуги (ЖКХ) услуги каб.телевид и за интернет январь 2021г.;0;шт;1250; 0,00;ПС-0033942;"ООО "" Телемакс"""
5637269824;RUB;13.01.2021;344;ВН-030675;000000118;Прочие услуги АУП(ИТР)10% услуги по организации проживания в гостинице;0;шт;24000; 0,00;ПС-0100911;"ООО ""Миллениум - командировочные решения"""
5637269825;RUB;14.01.2021;Н-0031508;ВН-030676;413495812;Газ-вода 0,5л;48;шт;560; 112,00;ПС-0100909;"ООО ""Зодиак-Сервис"""
5637269826;RUB;12.01.2021;3;ВН-030677;000000186;Оформление ГТД;0;шт;7398; 0,00;ПС-0034929;"ООО ""Центр внешнеэкономических технологий"""
5637269827;RUB;12.01.2021;2;ВН-030678;000000186;Оформление ГТД;0;шт;8014,5; 0,00;ПС-0034929;"ООО ""Центр внешнеэкономических технологий"""
5637269828;RUB;11.01.2021;Н-0031511;ВН-030679;000000083;Транспортные услуги по вывозу дефеката;0;шт;672000; 0,00;ПС-0100878;ИП Христинин Виктор Геннадьевич
5637269829;RUB;23.12.2020;00000645;ВН-030680;000000136;лабораторные исследования по программе производственного контроля;0;шт;2537,75; 507,55;ПС-0032449;"УФК по Пензенской области (Филиал ФБУЗ ""Центр гигиены и эпидемиологии в Пензенской области в Каменском районе"" л/с 20556U43140)"
